week,category,weekly_rank,show_title,season_title,weekly_hours_viewed,runtime,weekly_views,cumulative_weeks_in_top_10
2021-07-04,TV (Non-English),1,Elite,Elite: Season 4,38720000,,,1
2021-07-04,TV (Non-English),2,The Seven Deadly Sins,The Seven Deadly Sins: Dragon's Judgement,33240000,,,1
2021-07-04,TV (Non-English),3,"Newly Rich, Newly Poor","Newly Rich, Newly Poor: Season 1",28270000,,,1
2021-07-04,TV (Non-English),4,Lupin,Lupin: Part 2,20970000,,,1
2021-07-04,TV (Non-English),5,Somos.,Somos.: Season 1,11510000,,,1
2021-07-04,TV (Non-English),6,Elite,Elite: Season 1,10530000,,,1
2021-07-04,TV (Non-English),7,Elite,Elite: Season 3,10200000,,,1
2021-07-04,TV (Non-English),8,Elite,Elite: Season 2,10140000,,,1
2021-07-04,TV (Non-English),9,Katla,Katla: Season 1,9190000,,,1
2021-07-04,TV (Non-English),10,Record of Ragnarok,Record of Ragnarok: Season 1,9140000,,,1
2021-07-11,TV (Non-English),1,"Newly Rich, Newly Poor","Newly Rich, Newly Poor: Season 1",24990000,,,2
2021-07-11,TV (Non-English),2,Elite,Elite: Season 4,21780000,,,2
2021-07-11,TV (Non-English),3,The Cook of Castamar,The Cook of Castamar: Season 1,16960000,,,1
2021-07-11,TV (Non-English),4,The War Next-door,The War Next-door: Season 1,13970000,,,1
2021-07-11,TV (Non-English),5,Lupin,Lupin: Part 2,13150000,,,2
2021-07-11,TV (Non-English),6,Elize Matsunaga: Once Upon a Crime,Elize Matsunaga: Once Upon a Crime: Season 1,11700000,,,1
2021-07-11,TV (Non-English),7,The Seven Deadly Sins,The Seven Deadly Sins: Dragon's Judgement,10110000,,,2
2021-07-11,TV (Non-English),8,Young Royals,Young Royals: Season 1,9820000,,,1
2021-07-11,TV (Non-English),9,Carrossel,,9790000,,,1
2021-07-11,TV (Non-English),10,Somos.,Somos.: Season 1,9420000,,,2
2021-07-18,TV (Non-English),1,The Cook of Castamar,The Cook of Castamar: Season 1,51570000,,,2
2021-07-18,TV (Non-English),2,"Newly Rich, Newly Poor","Newly Rich, Newly Poor: Season 1",21450000,,,3
2021-07-18,TV (Non-English),3,The War Next-door,The War Next-door: Season 1,14360000,,,2
2021-07-18,TV (Non-English),4,Elite,Elite: Season 4,14240000,,,3
2021-07-18,TV (Non-English),5,Elize Matsunaga: Once Upon a Crime,Elize Matsunaga: Once Upon a Crime: Season 1,12510000,,,2
2021-07-18,TV (Non-English),6,Carrossel,,11620000,,,2
2021-07-18,TV (Non-English),7,Lupin,Lupin: Part 2,9280000,,,3
2021-07-18,TV (Non-English),8,Hospital Playlist,Hospital Playlist: Season 2,8530000,,,1
2021-07-18,TV (Non-English),9,"Nevertheless,","Nevertheless,: Limited Series",8130000,,,1
2021-07-18,TV (Non-English),10,Biohackers,Biohackers: Season 2,7500000,,,1
2021-07-25,TV (Non-English),1,The Cook of Castamar,The Cook of Castamar: Season 1,36650000,,,3
2021-07-25,TV (Non-English),2,"Newly Rich, Newly Poor","Newly Rich, Newly Poor: Season 1",19070000,,,4
2021-07-25,TV (Non-English),3,Sky Rojo,Sky Rojo: Season 2,12980000,,,1
2021-07-25,TV (Non-English),4,Carrossel,,12150000,,,3
2021-07-25,TV (Non-English),5,The War Next-door,The War Next-door: Season 1,9730000,,,3
2021-07-25,TV (Non-English),6,Too Hot to Handle: Brazil,Too Hot to Handle: Brazil: Season 1,9450000,,,1
2021-07-25,TV (Non-English),7,Elite,Elite: Season 4,9410000,,,4
2021-07-25,TV (Non-English),8,Hospital Playlist,Hospital Playlist: Season 2,8070000,,,2
2021-07-25,TV (Non-English),9,"Nevertheless,","Nevertheless,: Limited Series",7880000,,,2
2021-07-25,TV (Non-English),10,Lupin,Lupin: Part 2,6840000,,,4
2021-08-01,TV (Non-English),1,The Cook of Castamar,The Cook of Castamar: Season 1,24170000,,,4
2021-08-01,TV (Non-English),2,"Newly Rich, Newly Poor","Newly Rich, Newly Poor: Season 1",16700000,,,5
2021-08-01,TV (Non-English),3,How to Sell Drugs Online (Fast),How to Sell Drugs Online (Fast): Season 3,16470000,,,1
2021-08-01,TV (Non-English),4,Sky Rojo,Sky Rojo: Season 2,15660000,,,2
2021-08-01,TV (Non-English),5,The Snitch Cartel: Origins,The Snitch Cartel: Origins: Season 1,15150000,,,1
2021-08-01,TV (Non-English),6,Too Hot to Handle: Brazil,Too Hot to Handle: Brazil: Season 1,14230000,,,2
2021-08-01,TV (Non-English),7,Carrossel,,12730000,,,4
2021-08-01,TV (Non-English),8,"Nevertheless,","Nevertheless,: Limited Series",7710000,,,3
2021-08-01,TV (Non-English),9,Chiquititas,,7020000,,,1
2021-08-01,TV (Non-English),10,Elite,Elite: Season 4,6920000,,,5
2021-08-08,TV (Non-English),1,The Snitch Cartel: Origins,The Snitch Cartel: Origins: Season 1,26880000,,,2
2021-08-08,TV (Non-English),2,Control Z,Control Z: Season 2,25430000,,,1
2021-08-08,TV (Non-English),3,The Cook of Castamar,The Cook of Castamar: Season 1,15800000,,,5
2021-08-08,TV (Non-English),4,"Newly Rich, Newly Poor","Newly Rich, Newly Poor: Season 1",14510000,,,6
2021-08-08,TV (Non-English),5,Carrossel,,11280000,,,5
2021-08-08,TV (Non-English),6,Hunter X Hunter (2011),Hunter X Hunter (2011): Season 5,9890000,,,1
2021-08-08,TV (Non-English),7,Control Z,Control Z: Season 1,8580000,,,1
2021-08-08,TV (Non-English),8,How to Sell Drugs Online (Fast),How to Sell Drugs Online (Fast): Season 3,8580000,,,2
2021-08-08,TV (Non-English),9,"Nevertheless,","Nevertheless,: Limited Series",7960000,,,4
2021-08-08,TV (Non-English),10,Too Hot to Handle: Brazil,Too Hot to Handle: Brazil: Season 1,7470000,,,3
2021-08-15,TV (Non-English),1,The Snitch Cartel: Origins,The Snitch Cartel: Origins: Season 1,23840000,,,3
2021-08-15,TV (Non-English),2,Control Z,Control Z: Season 2,16400000,,,2
2021-08-15,TV (Non-English),3,SHAMAN KING,SHAMAN KING: Season 1,12970000,,,1
2021-08-15,TV (Non-English),4,"Newly Rich, Newly Poor","Newly Rich, Newly Poor: Season 1",12750000,,,7
2021-08-15,TV (Non-English),5,The Cook of Castamar,The Cook of Castamar: Season 1,11950000,,,6
2021-08-15,TV (Non-English),6,AlRawabi School for Girls,AlRawabi School for Girls: Season 1,11620000,,,1
2021-08-15,TV (Non-English),7,Carrossel,,10640000,,,6
2021-08-15,TV (Non-English),8,Gone for Good,Gone for Good: Limited Series,9750000,,,1
2021-08-15,TV (Non-English),9,Valeria,Valeria: Season 2,9600000,,,1
2021-08-15,TV (Non-English),10,Hospital Playlist,Hospital Playlist: Season 2,9500000,,,3
2021-08-22,TV (Non-English),1,The Snitch Cartel: Origins,The Snitch Cartel: Origins: Season 1,19260000,,,4
2021-08-22,TV (Non-English),2,AlRawabi School for Girls,AlRawabi School for Girls: Season 1,18070000,,,2
2021-08-22,TV (Non-English),3,Valeria,Valeria: Season 2,15640000,,,2
2021-08-22,TV (Non-English),4,Gone for Good,Gone for Good: Limited Series,14920000,,,2
2021-08-22,TV (Non-English),5,"Newly Rich, Newly Poor","Newly Rich, Newly Poor: Season 1",12080000,,,8
2021-08-22,TV (Non-English),6,Hospital Playlist,Hospital Playlist: Season 2,10340000,,,4
2021-08-22,TV (Non-English),7,Carrossel,,9860000,,,7
2021-08-22,TV (Non-English),8,"Nevertheless,","Nevertheless,: Limited Series",9030000,,,5
2021-08-22,TV (Non-English),9,The Cook of Castamar,The Cook of Castamar: Season 1,8820000,,,7
2021-08-22,TV (Non-English),10,Control Z,Control Z: Season 2,8250000,,,3
2021-08-29,TV (Non-English),1,The Snitch Cartel: Origins,The Snitch Cartel: Origins: Season 1,15480000,,,5
2021-08-29,TV (Non-English),2,"Newly Rich, Newly Poor","Newly Rich, Newly Poor: Season 1",12120000,,,9
2021-08-29,TV (Non-English),3,AlRawabi School for Girls,AlRawabi School for Girls: Season 1,11500000,,,3
2021-08-29,TV (Non-English),4,Hospital Playlist,Hospital Playlist: Season 2,10980000,,,5
2021-08-29,TV (Non-English),5,Carrossel,,9750000,,,8
2021-08-29,TV (Non-English),6,Valeria,Valeria: Season 2,9020000,,,3
2021-08-29,TV (Non-English),7,D.P.,D.P.: Season 1,8430000,,,1
2021-08-29,TV (Non-English),8,Open Your Eyes,Open Your Eyes: Season 1,8220000,,,1
2021-08-29,TV (Non-English),9,The Cook of Castamar,The Cook of Castamar: Season 1,7550000,,,8
2021-08-29,TV (Non-English),10,"Yo soy Betty, la fea","Yo soy Betty, la fea: Season 1",7340000,,,1
2021-09-05,TV (Non-English),1,Money Heist,Money Heist: Part 5,201910000,,,1
2021-09-05,TV (Non-English),2,Money Heist,Money Heist: Part 1,22710000,,,1
2021-09-05,TV (Non-English),3,D.P.,D.P.: Season 1,19170000,,,2
2021-09-05,TV (Non-English),4,Money Heist,Money Heist: Part 4,14870000,,,1
2021-09-05,TV (Non-English),5,The Snitch Cartel: Origins,The Snitch Cartel: Origins: Season 1,11530000,,,6
2021-09-05,TV (Non-English),6,"Newly Rich, Newly Poor","Newly Rich, Newly Poor: Season 1",11100000,,,10
2021-09-05,TV (Non-English),7,Hometown Cha-Cha-Cha,Hometown Cha-Cha-Cha: Limited Series,9630000,,,1
2021-09-05,TV (Non-English),8,Carrossel,,9010000,,,9
2021-09-05,TV (Non-English),9,"Yo soy Betty, la fea","Yo soy Betty, la fea: Season 1",7200000,,,2
2021-09-05,TV (Non-English),10,Money Heist,Money Heist: Part 3,7070000,,,1
2021-09-12,TV (Non-English),1,Money Heist,Money Heist: Part 5,123170000,,,2
2021-09-12,TV (Non-English),2,Money Heist,Money Heist: Part 1,38030000,,,2
2021-09-12,TV (Non-English),3,Money Heist,Money Heist: Part 2,16720000,,,1
2021-09-12,TV (Non-English),4,Money Heist,Money Heist: Part 4,16720000,,,2
2021-09-12,TV (Non-English),5,Hometown Cha-Cha-Cha,Hometown Cha-Cha-Cha: Limited Series,14870000,,,2
2021-09-12,TV (Non-English),6,Money Heist,Money Heist: Part 3,14410000,,,2
2021-09-12,TV (Non-English),7,Hospital Playlist,Hospital Playlist: Season 2,11590000,,,6
2021-09-12,TV (Non-English),8,Into the Night,Into the Night: Season 2,10630000,,,1
2021-09-12,TV (Non-English),9,"Newly Rich, Newly Poor","Newly Rich, Newly Poor: Season 1",10350000,,,11
2021-09-12,TV (Non-English),10,Hotel Del Luna,Hotel Del Luna: Limited Series,9980000,,,1
2021-09-19,TV (Non-English),1,Squid Game,Squid Game: Season 1,63190000,,,1
2021-09-19,TV (Non-English),2,Money Heist,Money Heist: Part 5,39910000,,,3
2021-09-19,TV (Non-English),3,Money Heist,Money Heist: Part 1,19340000,,,3
2021-09-19,TV (Non-English),4,Hometown Cha-Cha-Cha,Hometown Cha-Cha-Cha: Limited Series,18580000,,,3
2021-09-19,TV (Non-English),5,Hospital Playlist,Hospital Playlist: Season 2,13050000,,,7
2021-09-19,TV (Non-English),6,Money Heist,Money Heist: Part 4,12270000,,,3
2021-09-19,TV (Non-English),7,Money Heist,Money Heist: Part 2,11940000,,,2
2021-09-19,TV (Non-English),8,Money Heist,Money Heist: Part 3,11490000,,,3
2021-09-19,TV (Non-English),9,"Newly Rich, Newly Poor","Newly Rich, Newly Poor: Season 1",9320000,,,12
2021-09-19,TV (Non-English),10,Carrossel,,7870000,,,10
2021-09-26,TV (Non-English),1,Squid Game,Squid Game: Season 1,448730000,,,2
2021-09-26,TV (Non-English),2,Hometown Cha-Cha-Cha,Hometown Cha-Cha-Cha: Limited Series,23360000,,,4
2021-09-26,TV (Non-English),3,Money Heist,Money Heist: Part 5,21830000,,,4
2021-09-26,TV (Non-English),4,Ganglands,Ganglands: Season 1,16260000,,,1
2021-09-26,TV (Non-English),5,The Seven Deadly Sins,The Seven Deadly Sins: Dragon's Judgement,14020000,,,3
2021-09-26,TV (Non-English),6,Money Heist,Money Heist: Part 1,12150000,,,4
2021-09-26,TV (Non-English),7,Jaguar,Jaguar: Season 1,11620000,,,1
2021-09-26,TV (Non-English),8,Alice in Borderland,Alice in Borderland: Season 1,10890000,,,1
2021-09-26,TV (Non-English),9,Money Heist,Money Heist: Part 4,8680000,,,4
2021-09-26,TV (Non-English),10,"Newly Rich, Newly Poor","Newly Rich, Newly Poor: Season 1",8410000,,,13
2021-10-03,TV (Non-English),1,Squid Game,Squid Game: Season 1,571760000,,,3
2021-10-03,TV (Non-English),2,The Chestnut Man,,31380000,,,1
2021-10-03,TV (Non-English),3,Hometown Cha-Cha-Cha,Hometown Cha-Cha-Cha: Limited Series,28330000,,,5
2021-10-03,TV (Non-English),4,Ganglands,Ganglands: Season 1,27030000,,,2
2021-10-03,TV (Non-English),5,Alice in Borderland,Alice in Borderland: Season 1,26280000,,,2
2021-10-03,TV (Non-English),6,Baki Hanma,Baki Hanma: Season 1,20090000,,,1
2021-10-03,TV (Non-English),7,Money Heist,Money Heist: Part 5,14250000,,,5
2021-10-03,TV (Non-English),8,The Seven Deadly Sins,The Seven Deadly Sins: Dragon's Judgement,13420000,,,4
2021-10-03,TV (Non-English),9,Love 101,Love 101: Season 2,12600000,,,1
2021-10-03,TV (Non-English),10,Money Heist,Money Heist: Part 1,9370000,,,5
2021-10-10,TV (Non-English),1,Squid Game,Squid Game: Season 1,412940000,,,4
2021-10-10,TV (Non-English),2,The Five Juanas,The Five Juanas: Season 1,39460000,,,1
2021-10-10,TV (Non-English),3,Hometown Cha-Cha-Cha,Hometown Cha-Cha-Cha: Limited Series,32890000,,,6
2021-10-10,TV (Non-English),4,The Chestnut Man,,30300000,,,2
2021-10-10,TV (Non-English),5,Alice in Borderland,Alice in Borderland: Season 1,22220000,,,3
2021-10-10,TV (Non-English),6,Baki Hanma,Baki Hanma: Season 1,14560000,,,2
2021-10-10,TV (Non-English),7,Ganglands,Ganglands: Season 1,11210000,,,3
2021-10-10,TV (Non-English),8,Carinha de Anjo,Carinha de Anjo: Season 1,10240000,,,1
2021-10-10,TV (Non-English),9,Money Heist,Money Heist: Part 5,9730000,,,6
2021-10-10,TV (Non-English),10,"Nevertheless,","Nevertheless,: Limited Series",8570000,,,6
2021-10-17,TV (Non-English),1,Squid Game,Squid Game: Season 1,258840000,,,5
2021-10-17,TV (Non-English),2,The Five Juanas,The Five Juanas: Season 1,62890000,,,2
2021-10-17,TV (Non-English),3,My Name,My Name: Season 1,41780000,,,1
2021-10-17,TV (Non-English),4,Hometown Cha-Cha-Cha,Hometown Cha-Cha-Cha: Limited Series,37740000,,,7
2021-10-17,TV (Non-English),5,The Chestnut Man,,20720000,,,3
2021-10-17,TV (Non-English),6,Alice in Borderland,Alice in Borderland: Season 1,16310000,,,4
2021-10-17,TV (Non-English),7,Love Is Blind: Brazil,Love Is Blind: Brazil: Season 1,13770000,,,1
2021-10-17,TV (Non-English),8,Carinha de Anjo,Carinha de Anjo: Season 1,12760000,,,2
2021-10-17,TV (Non-English),9,"Nevertheless,","Nevertheless,: Limited Series",10080000,,,7
2021-10-17,TV (Non-English),10,House of Secrets: The Burari Deaths,House of Secrets: The Burari Deaths: Limited Series,9220000,,,1
2021-10-24,TV (Non-English),1,Squid Game,Squid Game: Season 1,147560000,,,6
2021-10-24,TV (Non-English),2,My Name,My Name: Season 1,84530000,,,2
2021-10-24,TV (Non-English),3,The Five Juanas,The Five Juanas: Season 1,34600000,,,3
2021-10-24,TV (Non-English),4,Hometown Cha-Cha-Cha,Hometown Cha-Cha-Cha: Limited Series,31840000,,,8
2021-10-24,TV (Non-English),5,Love Is Blind: Brazil,Love Is Blind: Brazil: Season 1,16290000,,,2
2021-10-24,TV (Non-English),6,Carinha de Anjo,Carinha de Anjo: Season 1,13930000,,,3
2021-10-24,TV (Non-English),7,The Chestnut Man,,12900000,,,4
2021-10-24,TV (Non-English),8,Alice in Borderland,Alice in Borderland: Season 1,8700000,,,5
2021-10-24,TV (Non-English),9,"Yo soy Betty, la fea","Yo soy Betty, la fea: Season 1",7710000,,,3
2021-10-24,TV (Non-English),10,The King's Affection,The King's Affection: Limited Series,6950000,,,1
2021-10-31,TV (Non-English),1,Squid Game,Squid Game: Season 1,90100000,,,7
2021-10-31,TV (Non-English),2,My Name,My Name: Season 1,38580000,,,3
2021-10-31,TV (Non-English),3,Sintonia,Sintonia: Season 2,25890000,,,1
2021-10-31,TV (Non-English),4,The Five Juanas,The Five Juanas: Season 1,19410000,,,4
2021-10-31,TV (Non-English),5,Hometown Cha-Cha-Cha,Hometown Cha-Cha-Cha: Limited Series,18290000,,,9
2021-10-31,TV (Non-English),6,Carinha de Anjo,Carinha de Anjo: Season 1,14070000,,,4
2021-10-31,TV (Non-English),7,Luis Miguel - The Series,Luis Miguel - The Series: Season 3,9990000,,,1
2021-10-31,TV (Non-English),8,The King's Affection,The King's Affection: Limited Series,9740000,,,2
2021-10-31,TV (Non-English),9,Love Is Blind: Brazil,Love Is Blind: Brazil: Season 1,9130000,,,3
2021-10-31,TV (Non-English),10,The Chestnut Man,,8910000,,,5
2021-11-07,TV (Non-English),1,Squid Game,Squid Game: Season 1,65000000,,,8
2021-11-07,TV (Non-English),2,My Name,My Name: Season 1,18430000,,,4
2021-11-07,TV (Non-English),3,Hometown Cha-Cha-Cha,Hometown Cha-Cha-Cha: Limited Series,16010000,,,10
2021-11-07,TV (Non-English),4,Carinha de Anjo,Carinha de Anjo: Season 1,14090000,,,5
2021-11-07,TV (Non-English),5,The Five Juanas,The Five Juanas: Season 1,13000000,,,5
2021-11-07,TV (Non-English),6,The King's Affection,The King's Affection: Limited Series,11990000,,,3
2021-11-07,TV (Non-English),7,Sintonia,Sintonia: Season 2,11010000,,,2
2021-11-07,TV (Non-English),8,Luis Miguel - The Series,Luis Miguel - The Series: Season 3,9720000,,,2
2021-11-07,TV (Non-English),9,Demon Slayer: Kimetsu no Yaiba,"Demon Slayer: Kimetsu no Yaiba: Tanjiro Kamado, Unwavering Resolve Arc",7940000,,,1
2021-11-07,TV (Non-English),10,"Yo soy Betty, la fea","Yo soy Betty, la fea: Season 1",7710000,,,4
2021-11-14,TV (Non-English),1,Squid Game,Squid Game: Season 1,42790000,,,9
2021-11-14,TV (Non-English),2,The King's Affection,The King's Affection: Limited Series,14120000,,,4
2021-11-14,TV (Non-English),3,Hometown Cha-Cha-Cha,Hometown Cha-Cha-Cha: Limited Series,13820000,,,11
2021-11-14,TV (Non-English),4,Carinha de Anjo,Carinha de Anjo: Season 1,13660000,,,6
2021-11-14,TV (Non-English),5,My Name,My Name: Season 1,10820000,,,5
2021-11-14,TV (Non-English),6,Where is Marta?,Where is Marta?: Limited Series,8640000,,,1
2021-11-14,TV (Non-English),7,The Five Juanas,The Five Juanas: Season 1,8490000,,,6
2021-11-14,TV (Non-English),8,The Club,The Club: Season 1,7860000,,,1
2021-11-14,TV (Non-English),9,"Yo soy Betty, la fea","Yo soy Betty, la fea: Season 1",7650000,,,5
2021-11-14,TV (Non-English),10,Demon Slayer: Kimetsu no Yaiba,"Demon Slayer: Kimetsu no Yaiba: Tanjiro Kamado, Unwavering Resolve Arc",6060000,,,2
2021-11-21,TV (Non-English),1,Hellbound,Hellbound: Season 1,43480000,,,1
2021-11-21,TV (Non-English),2,The Queen of Flow,The Queen of Flow: Season 2,38640000,,,1
2021-11-21,TV (Non-English),3,Squid Game,Squid Game: Season 1,30410000,,,10
2021-11-21,TV (Non-English),4,The King's Affection,The King's Affection: Limited Series,15640000,,,5
2021-11-21,TV (Non-English),5,Carinha de Anjo,Carinha de Anjo: Season 1,13180000,,,7
2021-11-21,TV (Non-English),6,Hometown Cha-Cha-Cha,Hometown Cha-Cha-Cha: Limited Series,13150000,,,12
2021-11-21,TV (Non-English),7,Christmas Flow,Christmas Flow: Season 1,9720000,,,1
2021-11-21,TV (Non-English),8,The Queen of Flow,The Queen of Flow: Season 1,8810000,,,1
2021-11-21,TV (Non-English),9,Love Never Lies,Love Never Lies: Season 1,8370000,,,1
2021-11-21,TV (Non-English),10,"Yo soy Betty, la fea","Yo soy Betty, la fea: Season 1",7800000,,,6
2021-11-28,TV (Non-English),1,The Queen of Flow,The Queen of Flow: Season 2,69030000,,,2
2021-11-28,TV (Non-English),2,Hellbound,Hellbound: Season 1,67520000,,,2
2021-11-28,TV (Non-English),3,Squid Game,Squid Game: Season 1,25730000,,,11
2021-11-28,TV (Non-English),4,The King's Affection,The King's Affection: Limited Series,15920000,,,6
2021-11-28,TV (Non-English),5,The Queen of Flow,The Queen of Flow: Season 1,14460000,,,2
2021-11-28,TV (Non-English),6,Hometown Cha-Cha-Cha,Hometown Cha-Cha-Cha: Limited Series,13310000,,,13
2021-11-28,TV (Non-English),7,Carinha de Anjo,Carinha de Anjo: Season 1,12410000,,,8
2021-11-28,TV (Non-English),8,"Yo soy Betty, la fea","Yo soy Betty, la fea: Season 1",8130000,,,7
2021-11-28,TV (Non-English),9,EDENS ZERO,EDENS ZERO: Season 1,7470000,,,1
2021-11-28,TV (Non-English),10,Elves,Elves: Season 1,6660000,,,1
2021-12-05,TV (Non-English),1,Money Heist,Money Heist: Part 5,189920000,,,7
2021-12-05,TV (Non-English),2,The Queen of Flow,The Queen of Flow: Season 2,59460000,,,3
2021-12-05,TV (Non-English),3,Hellbound,Hellbound: Season 1,22380000,,,3
2021-12-05,TV (Non-English),4,Squid Game,Squid Game: Season 1,21200000,,,12
2021-12-05,TV (Non-English),5,Elves,Elves: Season 1,17940000,,,2
2021-12-05,TV (Non-English),6,The King's Affection,The King's Affection: Limited Series,16360000,,,7
2021-12-05,TV (Non-English),7,The Queen of Flow,The Queen of Flow: Season 1,14960000,,,3
2021-12-05,TV (Non-English),8,JoJo's Bizarre Adventure,JoJo's Bizarre Adventure: STONE OCEAN,13980000,,,1
2021-12-05,TV (Non-English),9,Carinha de Anjo,Carinha de Anjo: Season 1,11720000,,,9
2021-12-05,TV (Non-English),10,Hometown Cha-Cha-Cha,Hometown Cha-Cha-Cha: Limited Series,11560000,,,14
2021-12-12,TV (Non-English),1,Money Heist,Money Heist: Part 5,147950000,,,8
2021-12-12,TV (Non-English),2,The Queen of Flow,The Queen of Flow: Season 2,49990000,,,4
2021-12-12,TV (Non-English),3,Money Heist,Money Heist: Part 1,19870000,,,6
2021-12-12,TV (Non-English),4,Squid Game,Squid Game: Season 1,18170000,,,13
2021-12-12,TV (Non-English),5,The King's Affection,The King's Affection: Limited Series,16650000,,,8
2021-12-12,TV (Non-English),6,The Queen of Flow,The Queen of Flow: Season 1,14520000,,,4
2021-12-12,TV (Non-English),7,Carinha de Anjo,Carinha de Anjo: Season 1,11230000,,,10
2021-12-12,TV (Non-English),8,Hometown Cha-Cha-Cha,Hometown Cha-Cha-Cha: Limited Series,9680000,,,15
2021-12-12,TV (Non-English),9,Hellbound,Hellbound: Season 1,9470000,,,4
2021-12-12,TV (Non-English),10,Money Heist,Money Heist: Part 2,8170000,,,3
2021-12-19,TV (Non-English),1,Money Heist,Money Heist: Part 5,55010000,,,9
2021-12-19,TV (Non-English),2,The Queen of Flow,The Queen of Flow: Season 2,39980000,,,5
2021-12-19,TV (Non-English),3,The King's Affection,The King's Affection: Limited Series,18120000,,,9
2021-12-19,TV (Non-English),4,Squid Game,Squid Game: Season 1,15430000,,,14
2021-12-19,TV (Non-English),5,The Queen of Flow,The Queen of Flow: Season 1,12970000,,,5
2021-12-19,TV (Non-English),6,Money Heist,Money Heist: Part 1,12590000,,,7
2021-12-19,TV (Non-English),7,Carinha de Anjo,Carinha de Anjo: Season 1,11290000,,,11
2021-12-19,TV (Non-English),8,Aranyak,Aranyak: Season 1,10360000,,,1
2021-12-19,TV (Non-English),9,"Yo soy Betty, la fea","Yo soy Betty, la fea: Season 1",8010000,,,8
2021-12-19,TV (Non-English),10,Hometown Cha-Cha-Cha,Hometown Cha-Cha-Cha: Limited Series,7520000,,,16
2021-12-26,TV (Non-English),1,Money Heist,Money Heist: Part 5,33470000,,,10
2021-12-26,TV (Non-English),2,The Queen of Flow,The Queen of Flow: Season 2,30560000,,,6
2021-12-26,TV (Non-English),3,The Silent Sea,The Silent Sea: Season 1,22230000,,,1
2021-12-26,TV (Non-English),4,The Girl from Oslo,The Girl from Oslo: Season 1,19780000,,,1
2021-12-26,TV (Non-English),5,Squid Game,Squid Game: Season 1,15100000,,,15
2021-12-26,TV (Non-English),6,The King's Affection,The King's Affection: Limited Series,13050000,,,10
2021-12-26,TV (Non-English),7,Daughter From Another Mother,Daughter From Another Mother: Season 2,13040000,,,1
2021-12-26,TV (Non-English),8,The Queen of Flow,The Queen of Flow: Season 1,10810000,,,6
2021-12-26,TV (Non-English),9,Our Beloved Summer,Our Beloved Summer: Limited Series,9980000,,,1
2021-12-26,TV (Non-English),10,Carinha de Anjo,Carinha de Anjo: Season 1,9420000,,,12
2022-01-02,TV (Non-English),1,The Silent Sea,The Silent Sea: Season 1,47830000,,,2
2022-01-02,TV (Non-English),2,The Queen of Flow,The Queen of Flow: Season 2,29530000,,,7
2022-01-02,TV (Non-English),3,Money Heist,Money Heist: Part 5,26310000,,,11
2022-01-02,TV (Non-English),4,Daughter From Another Mother,Daughter From Another Mother: Season 2,24000000,,,2
2022-01-02,TV (Non-English),5,Café con aroma de mujer,Café con aroma de mujer: Season 1,23230000,,,1
2022-01-02,TV (Non-English),6,Squid Game,Squid Game: Season 1,18110000,,,16
2022-01-02,TV (Non-English),7,The Girl from Oslo,The Girl from Oslo: Season 1,17460000,,,2
2022-01-02,TV (Non-English),8,Single’s Inferno,Single’s Inferno: Season 1,17150000,,,1
2022-01-02,TV (Non-English),9,Our Beloved Summer,Our Beloved Summer: Limited Series,13840000,,,2
2022-01-02,TV (Non-English),10,The Queen of Flow,The Queen of Flow: Season 1,11280000,,,7
2022-01-09,TV (Non-English),1,Café con aroma de mujer,Café con aroma de mujer: Season 1,82980000,,,2
2022-01-09,TV (Non-English),2,Rebelde,Rebelde: Season 1,33180000,,,1
2022-01-09,TV (Non-English),3,The Queen of Flow,The Queen of Flow: Season 2,28480000,,,8
2022-01-09,TV (Non-English),4,Single’s Inferno,Single’s Inferno: Season 1,25800000,,,2
2022-01-09,TV (Non-English),5,The Silent Sea,The Silent Sea: Season 1,19710000,,,3
2022-01-09,TV (Non-English),6,Money Heist,Money Heist: Part 5,18770000,,,12
2022-01-09,TV (Non-English),7,Our Beloved Summer,Our Beloved Summer: Limited Series,15950000,,,3
2022-01-09,TV (Non-English),8,Squid Game,Squid Game: Season 1,14980000,,,17
2022-01-09,TV (Non-English),9,Kitz,Kitz: Season 1,14650000,,,1
2022-01-09,TV (Non-English),10,Daughter From Another Mother,Daughter From Another Mother: Season 2,13340000,,,3
2022-01-16,TV (Non-English),1,Café con aroma de mujer,Café con aroma de mujer: Season 1,98850000,,,3
2022-01-16,TV (Non-English),2,The Queen of Flow,The Queen of Flow: Season 2,24210000,,,9
2022-01-16,TV (Non-English),3,Rebelde,Rebelde: Season 1,23880000,,,2
2022-01-16,TV (Non-English),4,Single’s Inferno,Single’s Inferno: Season 1,19250000,,,3
2022-01-16,TV (Non-English),5,Our Beloved Summer,Our Beloved Summer: Limited Series,18710000,,,4
2022-01-16,TV (Non-English),6,Undercover,Undercover: Season 3,16830000,,,1
2022-01-16,TV (Non-English),7,Money Heist,Money Heist: Part 5,13000000,,,13
2022-01-16,TV (Non-English),8,Undercover,Undercover: Season 1,12070000,,,1
2022-01-16,TV (Non-English),9,Carinha de Anjo,Carinha de Anjo: Season 1,11860000,,,13
2022-01-16,TV (Non-English),10,Squid Game,Squid Game: Season 1,11780000,,,18
2022-01-23,TV (Non-English),1,Café con aroma de mujer,Café con aroma de mujer: Season 1,96360000,,,4
2022-01-23,TV (Non-English),2,El marginal,El marginal: Season 4,21730000,,,1
2022-01-23,TV (Non-English),3,The Queen of Flow,The Queen of Flow: Season 2,21200000,,,10
2022-01-23,TV (Non-English),4,Our Beloved Summer,Our Beloved Summer: Limited Series,19740000,,,5
2022-01-23,TV (Non-English),5,"Yo soy Betty, la fea","Yo soy Betty, la fea: Season 1",11640000,,,9
2022-01-23,TV (Non-English),6,Yeh Kaali Kaali Ankhein,Yeh Kaali Kaali Ankhein: Season 1,11260000,,,1
2022-01-23,TV (Non-English),7,Carinha de Anjo,Carinha de Anjo: Season 1,10690000,,,14
2022-01-23,TV (Non-English),8,Squid Game,Squid Game: Season 1,10200000,,,19
2022-01-23,TV (Non-English),9,Money Heist,Money Heist: Part 5,10000000,,,14
2022-01-23,TV (Non-English),10,The Queen of Flow,The Queen of Flow: Season 1,9950000,,,8
2022-01-30,TV (Non-English),1,All of Us Are Dead,All of Us Are Dead: Season 1,124790000,,,1
2022-01-30,TV (Non-English),2,Café con aroma de mujer,Café con aroma de mujer: Season 1,82750000,,,5
2022-01-30,TV (Non-English),3,I Am Georgina,I Am Georgina: Season 1,30630000,,,1
2022-01-30,TV (Non-English),4,Neymar: The Perfect Chaos,Neymar: The Perfect Chaos: Limited Series,26340000,,,1
2022-01-30,TV (Non-English),5,Our Beloved Summer,Our Beloved Summer: Limited Series,22730000,,,6
2022-01-30,TV (Non-English),6,The Queen of Flow,The Queen of Flow: Season 2,17800000,,,11
2022-01-30,TV (Non-English),7,"Yo soy Betty, la fea","Yo soy Betty, la fea: Season 1",11730000,,,10
2022-01-30,TV (Non-English),8,Summer Heat,Summer Heat: Season 1,11470000,,,1
2022-01-30,TV (Non-English),9,El marginal,El marginal: Season 4,10710000,,,2
2022-01-30,TV (Non-English),10,Carinha de Anjo,Carinha de Anjo: Season 1,10400000,,,15
2022-02-06,TV (Non-English),1,All of Us Are Dead,All of Us Are Dead: Season 1,236230000,,,2
2022-02-06,TV (Non-English),2,Café con aroma de mujer,Café con aroma de mujer: Season 1,65860000,,,6
2022-02-06,TV (Non-English),3,Dark Desire,Dark Desire: Season 2,49590000,,,1
2022-02-06,TV (Non-English),4,I Am Georgina,I Am Georgina: Season 1,28740000,,,2
2022-02-06,TV (Non-English),5,Dark Desire,Dark Desire: Season 1,24990000,,,1
2022-02-06,TV (Non-English),6,Our Beloved Summer,Our Beloved Summer: Limited Series,16030000,,,7
2022-02-06,TV (Non-English),7,Feria: The Darkest Light,Feria: The Darkest Light: Season 1,15960000,,,1
2022-02-06,TV (Non-English),8,The Queen of Flow,The Queen of Flow: Season 2,15050000,,,12
2022-02-06,TV (Non-English),9,Boruto: Naruto Next Generations,Boruto: Naruto Next Generations: Academy Entrance,14360000,,,1
2022-02-06,TV (Non-English),10,"Yo soy Betty, la fea","Yo soy Betty, la fea: Season 1",11210000,,,11
2022-02-13,TV (Non-English),1,All of Us Are Dead,All of Us Are Dead: Season 1,113240000,,,3
2022-02-13,TV (Non-English),2,Café con aroma de mujer,Café con aroma de mujer: Season 1,51840000,,,7
2022-02-13,TV (Non-English),3,Dark Desire,Dark Desire: Season 2,43760000,,,2
2022-02-13,TV (Non-English),4,Dark Desire,Dark Desire: Season 1,23650000,,,2
2022-02-13,TV (Non-English),5,Toy Boy,Toy Boy: Season 1,18250000,,,1
2022-02-13,TV (Non-English),6,Toy Boy,Toy Boy: Season 2,15870000,,,1
2022-02-13,TV (Non-English),7,The Queen of Flow,The Queen of Flow: Season 2,13070000,,,13
2022-02-13,TV (Non-English),8,I Am Georgina,I Am Georgina: Season 1,11920000,,,3
2022-02-13,TV (Non-English),9,Our Beloved Summer,Our Beloved Summer: Limited Series,11910000,,,8
2022-02-13,TV (Non-English),10,"Yo soy Betty, la fea","Yo soy Betty, la fea: Season 1",11050000,,,12
2022-02-20,TV (Non-English),1,All of Us Are Dead,All of Us Are Dead: Season 1,62130000,,,4
2022-02-20,TV (Non-English),2,Café con aroma de mujer,Café con aroma de mujer: Season 1,39750000,,,8
2022-02-20,TV (Non-English),3,Toy Boy,Toy Boy: Season 2,23810000,,,2
2022-02-20,TV (Non-English),4,Dark Desire,Dark Desire: Season 2,22950000,,,3
2022-02-20,TV (Non-English),5,Toy Boy,Toy Boy: Season 1,21460000,,,2
2022-02-20,TV (Non-English),6,"Devotion, a Story of Love and Desire","Devotion, a Story of Love and Desire: Season 1",18880000,,,1
2022-02-20,TV (Non-English),7,Fishbowl Wives,Fishbowl Wives: Season 1,15940000,,,1
2022-02-20,TV (Non-English),8,Dark Desire,Dark Desire: Season 1,12590000,,,3
2022-02-20,TV (Non-English),9,The Queen of Flow,The Queen of Flow: Season 2,11420000,,,14
2022-02-20,TV (Non-English),10,"Yo soy Betty, la fea","Yo soy Betty, la fea: Season 1",10320000,,,13
2022-02-27,TV (Non-English),1,All of Us Are Dead,All of Us Are Dead: Season 1,38860000,,,5
2022-02-27,TV (Non-English),2,Café con aroma de mujer,Café con aroma de mujer: Season 1,32540000,,,9
2022-02-27,TV (Non-English),3,Juvenile Justice,Juvenile Justice: Season 1,17410000,,,1
2022-02-27,TV (Non-English),4,Dark Desire,Dark Desire: Season 2,15010000,,,4
2022-02-27,TV (Non-English),5,Toy Boy,Toy Boy: Season 1,12750000,,,3
2022-02-27,TV (Non-English),6,Toy Boy,Toy Boy: Season 2,12700000,,,3
2022-02-27,TV (Non-English),7,Twenty Five Twenty One,Twenty Five Twenty One: Limited Series,11850000,,,1
2022-02-27,TV (Non-English),8,Fishbowl Wives,Fishbowl Wives: Season 1,11080000,,,2
2022-02-27,TV (Non-English),9,Forecasting Love and Weather,Forecasting Love and Weather: Limited Series,11020000,,,1
2022-02-27,TV (Non-English),10,"Devotion, a Story of Love and Desire","Devotion, a Story of Love and Desire: Season 1",10420000,,,2
2022-03-06,TV (Non-English),1,Juvenile Justice,Juvenile Justice: Season 1,45930000,,,2
2022-03-06,TV (Non-English),2,Café con aroma de mujer,Café con aroma de mujer: Season 1,27540000,,,10
2022-03-06,TV (Non-English),3,All of Us Are Dead,All of Us Are Dead: Season 1,24020000,,,6
2022-03-06,TV (Non-English),4,Back to 15,Back to 15: Season 1,18060000,,,1
2022-03-06,TV (Non-English),5,Twenty Five Twenty One,Twenty Five Twenty One: Limited Series,13720000,,,2
2022-03-06,TV (Non-English),6,The Fame Game,The Fame Game: Season 1,11610000,,,1
2022-03-06,TV (Non-English),7,Forecasting Love and Weather,Forecasting Love and Weather: Limited Series,10790000,,,2
2022-03-06,TV (Non-English),8,Midnight at the Pera Palace,Midnight at the Pera Palace: Season 1,10780000,,,1
2022-03-06,TV (Non-English),9,Thirty-Nine,Thirty-Nine: Limited Series,10490000,,,1
2022-03-06,TV (Non-English),10,Dark Desire,Dark Desire: Season 2,10400000,,,5
2022-03-13,TV (Non-English),1,Juvenile Justice,Juvenile Justice: Season 1,25940000,,,3
2022-03-13,TV (Non-English),2,Café con aroma de mujer,Café con aroma de mujer: Season 1,23060000,,,11
2022-03-13,TV (Non-English),3,Lies and Deceit,Lies and Deceit: Season 1,20240000,,,1
2022-03-13,TV (Non-English),4,All of Us Are Dead,All of Us Are Dead: Season 1,17480000,,,7
2022-03-13,TV (Non-English),5,Twenty Five Twenty One,Twenty Five Twenty One: Limited Series,17110000,,,3
2022-03-13,TV (Non-English),6,Business Proposal,Business Proposal: Limited Series,15900000,,,1
2022-03-13,TV (Non-English),7,Midnight at the Pera Palace,Midnight at the Pera Palace: Season 1,14690000,,,2
2022-03-13,TV (Non-English),8,Forecasting Love and Weather,Forecasting Love and Weather: Limited Series,12250000,,,3
2022-03-13,TV (Non-English),9,"Yo soy Betty, la fea","Yo soy Betty, la fea: Season 1",10340000,,,14
2022-03-13,TV (Non-English),10,The Queen of Flow,The Queen of Flow: Season 2,8410000,,,15
2022-03-20,TV (Non-English),1,Business Proposal,Business Proposal: Limited Series,23480000,,,2
2022-03-20,TV (Non-English),2,Twenty Five Twenty One,Twenty Five Twenty One: Limited Series,21040000,,,4
2022-03-20,TV (Non-English),3,Café con aroma de mujer,Café con aroma de mujer: Season 1,20210000,,,12
2022-03-20,TV (Non-English),4,Juvenile Justice,Juvenile Justice: Season 1,17220000,,,4
2022-03-20,TV (Non-English),5,All of Us Are Dead,All of Us Are Dead: Season 1,13820000,,,8
2022-03-20,TV (Non-English),6,Forecasting Love and Weather,Forecasting Love and Weather: Limited Series,13050000,,,4
2022-03-20,TV (Non-English),7,The Great Robbery of Brazil's Central Bank,The Great Robbery of Brazil's Central Bank: Season 1,10880000,,,1
2022-03-20,TV (Non-English),8,"Yo soy Betty, la fea","Yo soy Betty, la fea: Season 1",10570000,,,15
2022-03-20,TV (Non-English),9,Lies and Deceit,Lies and Deceit: Season 1,10040000,,,2
2022-03-20,TV (Non-English),10,Thirty-Nine,Thirty-Nine: Limited Series,9180000,,,2
2022-03-27,TV (Non-English),1,Business Proposal,Business Proposal: Limited Series,30940000,,,3
2022-03-27,TV (Non-English),2,Twenty Five Twenty One,Twenty Five Twenty One: Limited Series,24150000,,,5
2022-03-27,TV (Non-English),3,Café con aroma de mujer,Café con aroma de mujer: Season 1,18270000,,,13
2022-03-27,TV (Non-English),4,Forecasting Love and Weather,Forecasting Love and Weather: Limited Series,14480000,,,5
2022-03-27,TV (Non-English),5,Cracow Monsters,Cracow Monsters: Season 1,13260000,,,1
2022-03-27,TV (Non-English),6,Juvenile Justice,Juvenile Justice: Season 1,12510000,,,5
2022-03-27,TV (Non-English),7,All of Us Are Dead,All of Us Are Dead: Season 1,11380000,,,9
2022-03-27,TV (Non-English),8,"Yo soy Betty, la fea","Yo soy Betty, la fea: Season 1",11160000,,,16
2022-03-27,TV (Non-English),9,Thirty-Nine,Thirty-Nine: Limited Series,10430000,,,3
2022-03-27,TV (Non-English),10,Pedal to Metal,Pedal to Metal: Season 1,8150000,,,1
2022-04-03,TV (Non-English),1,Business Proposal,Business Proposal: Limited Series,32520000,,,4
2022-04-03,TV (Non-English),2,Twenty Five Twenty One,Twenty Five Twenty One: Limited Series,26210000,,,6
2022-04-03,TV (Non-English),3,Café con aroma de mujer,Café con aroma de mujer: Season 1,15230000,,,14
2022-04-03,TV (Non-English),4,Forecasting Love and Weather,Forecasting Love and Weather: Limited Series,15020000,,,6
2022-04-03,TV (Non-English),5,Thirty-Nine,Thirty-Nine: Limited Series,13510000,,,4
2022-04-03,TV (Non-English),6,"Yo soy Betty, la fea","Yo soy Betty, la fea: Season 1",10890000,,,17
2022-04-03,TV (Non-English),7,All of Us Are Dead,All of Us Are Dead: Season 1,9430000,,,10
2022-04-03,TV (Non-English),8,Juvenile Justice,Juvenile Justice: Season 1,9340000,,,6
2022-04-03,TV (Non-English),9,The Queen of Flow,The Queen of Flow: Season 2,6640000,,,16
2022-04-03,TV (Non-English),10,Pasión de Gavilanes,Pasión de Gavilanes: Season 1,5530000,,,1
2022-04-10,TV (Non-English),1,Elite,Elite: Season 5,51380000,,,1
2022-04-10,TV (Non-English),2,Business Proposal,Business Proposal: Limited Series,41460000,,,5
2022-04-10,TV (Non-English),3,Twenty Five Twenty One,Twenty Five Twenty One: Limited Series,22530000,,,7
2022-04-10,TV (Non-English),4,Forecasting Love and Weather,Forecasting Love and Weather: Limited Series,14830000,,,7
2022-04-10,TV (Non-English),5,Café con aroma de mujer,Café con aroma de mujer: Season 1,13050000,,,15
2022-04-10,TV (Non-English),6,"Yo soy Betty, la fea","Yo soy Betty, la fea: Season 1",10590000,,,18
2022-04-10,TV (Non-English),7,Thirty-Nine,Thirty-Nine: Limited Series,9040000,,,5
2022-04-10,TV (Non-English),8,All of Us Are Dead,All of Us Are Dead: Season 1,8130000,,,11
2022-04-10,TV (Non-English),9,Pedro el escamoso,Pedro el escamoso: Season 1,6890000,,,1
2022-04-10,TV (Non-English),10,Juvenile Justice,Juvenile Justice: Season 1,6210000,,,7
2022-04-17,TV (Non-English),1,Elite,Elite: Season 5,67390000,,,2
2022-04-17,TV (Non-English),2,Business Proposal,Business Proposal: Limited Series,24190000,,,6
2022-04-17,TV (Non-English),3,Twenty Five Twenty One,Twenty Five Twenty One: Limited Series,14080000,,,8
2022-04-17,TV (Non-English),4,Heirs to the Land,Heirs to the Land: Season 1,11810000,,,1
2022-04-17,TV (Non-English),5,Café con aroma de mujer,Café con aroma de mujer: Season 1,11350000,,,16
2022-04-17,TV (Non-English),6,Smother-in-Law,Smother-in-Law: Season 1,11070000,,,1
2022-04-17,TV (Non-English),7,Happiness,Happiness: Limited Series,10940000,,,1
2022-04-17,TV (Non-English),8,"Yo soy Betty, la fea","Yo soy Betty, la fea: Season 1",10400000,,,19
2022-04-17,TV (Non-English),9,Elite,Elite: Season 1,10110000,,,2
2022-04-17,TV (Non-English),10,Forecasting Love and Weather,Forecasting Love and Weather: Limited Series,9410000,,,8
2022-04-24,TV (Non-English),1,The Marked Heart,The Marked Heart: Season 1,68040000,,,1
2022-04-24,TV (Non-English),2,Elite,Elite: Season 5,29490000,,,3
2022-04-24,TV (Non-English),3,Yakamoz S-245,Yakamoz S-245: Season 1,22060000,,,1
2022-04-24,TV (Non-English),4,Business Proposal,Business Proposal: Limited Series,20380000,,,7
2022-04-24,TV (Non-English),5,Heirs to the Land,Heirs to the Land: Season 1,18840000,,,2
2022-04-24,TV (Non-English),6,Hold Tight,Hold Tight: Limited Series,17320000,,,1
2022-04-24,TV (Non-English),7,Twenty Five Twenty One,Twenty Five Twenty One: Limited Series,11340000,,,9
2022-04-24,TV (Non-English),8,Happiness,Happiness: Limited Series,10820000,,,2
2022-04-24,TV (Non-English),9,"Yo soy Betty, la fea","Yo soy Betty, la fea: Season 1",10490000,,,20
2022-04-24,TV (Non-English),10,Café con aroma de mujer,Café con aroma de mujer: Season 1,10390000,,,17
2022-05-01,TV (Non-English),1,The Marked Heart,The Marked Heart: Season 1,85260000,,,2
2022-05-01,TV (Non-English),2,Hold Tight,Hold Tight: Limited Series,25120000,,,2
2022-05-01,TV (Non-English),3,Business Proposal,Business Proposal: Limited Series,19500000,,,8
2022-05-01,TV (Non-English),4,Elite,Elite: Season 5,14890000,,,4
2022-05-01,TV (Non-English),5,Yakamoz S-245,Yakamoz S-245: Season 1,13000000,,,2
2022-05-01,TV (Non-English),6,The 7 Lives of Lea,The 7 Lives of Lea: Limited Series,11230000,,,1
2022-05-01,TV (Non-English),7,Pedro el escamoso,Pedro el escamoso: Season 1,10460000,,,2
2022-05-01,TV (Non-English),8,"Yo soy Betty, la fea","Yo soy Betty, la fea: Season 1",9800000,,,21
2022-05-01,TV (Non-English),9,Twenty Five Twenty One,Twenty Five Twenty One: Limited Series,9580000,,,10
2022-05-01,TV (Non-English),10,Our Blues,Our Blues: Limited Series,9090000,,,1
2022-05-08,TV (Non-English),1,The Marked Heart,The Marked Heart: Season 1,48550000,,,3
2022-05-08,TV (Non-English),2,Welcome to Eden,Welcome to Eden: Season 1,25820000,,,1
2022-05-08,TV (Non-English),3,Business Proposal,Business Proposal: Limited Series,19100000,,,9
2022-05-08,TV (Non-English),4,El marginal,El marginal: Season 5,13260000,,,1
2022-05-08,TV (Non-English),5,The 7 Lives of Lea,The 7 Lives of Lea: Limited Series,12280000,,,2
2022-05-08,TV (Non-English),6,Our Blues,Our Blues: Limited Series,10370000,,,2
2022-05-08,TV (Non-English),7,Pedro el escamoso,Pedro el escamoso: Season 1,10080000,,,3
2022-05-08,TV (Non-English),8,The Sound of Magic,The Sound of Magic: Limited Series,9640000,,,1
2022-05-08,TV (Non-English),9,"Yo soy Betty, la fea","Yo soy Betty, la fea: Season 1",9530000,,,22
2022-05-08,TV (Non-English),10,Elite,Elite: Season 5,9490000,,,5
2022-05-15,TV (Non-English),1,Welcome to Eden,Welcome to Eden: Season 1,62490000,,,2
2022-05-15,TV (Non-English),2,The Marked Heart,The Marked Heart: Season 1,28930000,,,4
2022-05-15,TV (Non-English),3,Business Proposal,Business Proposal: Limited Series,20160000,,,10
2022-05-15,TV (Non-English),4,The Sound of Magic,The Sound of Magic: Limited Series,16930000,,,2
2022-05-15,TV (Non-English),5,Clark,Clark: Limited Series,10480000,,,1
2022-05-15,TV (Non-English),6,Our Blues,Our Blues: Limited Series,10050000,,,3
2022-05-15,TV (Non-English),7,42 Days of Darkness,42 Days of Darkness: Season 1,9920000,,,1
2022-05-15,TV (Non-English),8,Pedro el escamoso,Pedro el escamoso: Season 1,9820000,,,4
2022-05-15,TV (Non-English),9,Tomorrow,Tomorrow: Limited Series,9690000,,,1
2022-05-15,TV (Non-English),10,"Yo soy Betty, la fea","Yo soy Betty, la fea: Season 1",9440000,,,23
2022-05-22,TV (Non-English),1,Who Killed Sara?,Who Killed Sara?: Season 3,46590000,,,1
2022-05-22,TV (Non-English),2,Welcome to Eden,Welcome to Eden: Season 1,28660000,,,3
2022-05-22,TV (Non-English),3,Wrong Side of the Tracks,Wrong Side of the Tracks: Season 1,20200000,,,1
2022-05-22,TV (Non-English),4,The Marked Heart,The Marked Heart: Season 1,19220000,,,5
2022-05-22,TV (Non-English),5,Who Killed Sara?,Who Killed Sara?: Season 1,14210000,,,1
2022-05-22,TV (Non-English),6,Business Proposal,Business Proposal: Limited Series,13220000,,,11
2022-05-22,TV (Non-English),7,Tomorrow,Tomorrow: Limited Series,11990000,,,2
2022-05-22,TV (Non-English),8,Our Blues,Our Blues: Limited Series,10850000,,,4
2022-05-22,TV (Non-English),9,My Liberation Notes,My Liberation Notes: Limited Series,9850000,,,1
2022-05-22,TV (Non-English),10,"Yo soy Betty, la fea","Yo soy Betty, la fea: Season 1",9650000,,,24
2022-05-29,TV (Non-English),1,Wrong Side of the Tracks,Wrong Side of the Tracks: Season 1,61620000,,,2
2022-05-29,TV (Non-English),2,Who Killed Sara?,Who Killed Sara?: Season 3,31840000,,,2
2022-05-29,TV (Non-English),3,Who Killed Sara?,Who Killed Sara?: Season 1,14600000,,,2
2022-05-29,TV (Non-English),4,Welcome to Eden,Welcome to Eden: Season 1,14340000,,,4
2022-05-29,TV (Non-English),5,My Liberation Notes,My Liberation Notes: Limited Series,13130000,,,2
2022-05-29,TV (Non-English),6,The Marked Heart,The Marked Heart: Season 1,12880000,,,6
2022-05-29,TV (Non-English),7,Our Blues,Our Blues: Limited Series,12720000,,,5
2022-05-29,TV (Non-English),8,Who Killed Sara?,Who Killed Sara?: Season 2,11770000,,,1
2022-05-29,TV (Non-English),9,Tomorrow,Tomorrow: Limited Series,11120000,,,3
2022-05-29,TV (Non-English),10,Business Proposal,Business Proposal: Limited Series,9990000,,,12
2022-06-05,TV (Non-English),1,Wrong Side of the Tracks,Wrong Side of the Tracks: Season 1,37160000,,,3
2022-06-05,TV (Non-English),2,Who Killed Sara?,Who Killed Sara?: Season 3,15570000,,,3
2022-06-05,TV (Non-English),3,My Liberation Notes,My Liberation Notes: Limited Series,14240000,,,3
2022-06-05,TV (Non-English),4,Our Blues,Our Blues: Limited Series,12910000,,,6
2022-06-05,TV (Non-English),5,The Perfect Mother,The Perfect Mother: Season 1,12090000,,,1
2022-06-05,TV (Non-English),6,The Marked Heart,The Marked Heart: Season 1,9870000,,,7
2022-06-05,TV (Non-English),7,"Yo soy Betty, la fea","Yo soy Betty, la fea: Season 1",9400000,,,25
2022-06-05,TV (Non-English),8,Welcome to Eden,Welcome to Eden: Season 1,9030000,,,5
2022-06-05,TV (Non-English),9,SHAMAN KING,SHAMAN KING: Season 1,8770000,,,2
2022-06-05,TV (Non-English),10,Business Proposal,Business Proposal: Limited Series,8270000,,,13
2022-06-12,TV (Non-English),1,Wrong Side of the Tracks,Wrong Side of the Tracks: Season 1,19400000,,,4
2022-06-12,TV (Non-English),2,As the Crow Flies,As the Crow Flies: Season 1,18310000,,,1
2022-06-12,TV (Non-English),3,The Perfect Mother,The Perfect Mother: Season 1,16150000,,,2
2022-06-12,TV (Non-English),4,Intimacy,Intimacy: Limited Series,15900000,,,1
2022-06-12,TV (Non-English),5,Our Blues,Our Blues: Limited Series,14910000,,,7
2022-06-12,TV (Non-English),6,"Malverde, el santo patrón","Malverde, el santo patrón: Season 1",12370000,,,1
2022-06-12,TV (Non-English),7,Two Summers,Two Summers: Season 1,12210000,,,1
2022-06-12,TV (Non-English),8,My Liberation Notes,My Liberation Notes: Limited Series,10050000,,,4
2022-06-12,TV (Non-English),9,"Yo soy Betty, la fea","Yo soy Betty, la fea: Season 1",9680000,,,26
2022-06-12,TV (Non-English),10,Who Killed Sara?,Who Killed Sara?: Season 3,9030000,,,4
2022-06-19,TV (Non-English),1,Intimacy,Intimacy: Limited Series,30210000,,,2
2022-06-19,TV (Non-English),2,Our Blues,Our Blues: Limited Series,15000000,,,8
2022-06-19,TV (Non-English),3,"Malverde, el santo patrón","Malverde, el santo patrón: Season 1",12470000,,,2
2022-06-19,TV (Non-English),4,"Yo soy Betty, la fea","Yo soy Betty, la fea: Season 1",11480000,,,27
2022-06-19,TV (Non-English),5,Maldivas,Maldivas: Season 1,11300000,,,1
2022-06-19,TV (Non-English),6,Café con aroma de mujer,Café con aroma de mujer: Season 1,9760000,,,18
2022-06-19,TV (Non-English),7,Wrong Side of the Tracks,Wrong Side of the Tracks: Season 1,9680000,,,5
2022-06-19,TV (Non-English),8,The War Next-door,The War Next-door: Season 2,7710000,,,1
2022-06-19,TV (Non-English),9,As the Crow Flies,As the Crow Flies: Season 1,7640000,,,2
2022-06-19,TV (Non-English),10,Squid Game,Squid Game: Season 1,7480000,,,20
2022-06-26,TV (Non-English),1,Money Heist: Korea - Joint Economic Area,Money Heist: Korea - Joint Economic Area: Season 1,33740000,,,1
2022-06-26,TV (Non-English),2,Intimacy,Intimacy: Limited Series,16560000,,,3
2022-06-26,TV (Non-English),3,"Yo soy Betty, la fea","Yo soy Betty, la fea: Season 1",12570000,,,28
2022-06-26,TV (Non-English),4,"Malverde, el santo patrón","Malverde, el santo patrón: Season 1",11590000,,,3
2022-06-26,TV (Non-English),5,Café con aroma de mujer,Café con aroma de mujer: Season 1,10820000,,,19
2022-06-26,TV (Non-English),6,The War Next-door,The War Next-door: Season 2,10150000,,,2
2022-06-26,TV (Non-English),7,She,She: Season 2,9490000,,,1
2022-06-26,TV (Non-English),8,Our Blues,Our Blues: Limited Series,9250000,,,9
2022-06-26,TV (Non-English),9,SPRIGGAN,SPRIGGAN: Season 1,9120000,,,1
2022-06-26,TV (Non-English),10,Maldivas,Maldivas: Season 1,8460000,,,2
2022-07-03,TV (Non-English),1,Money Heist: Korea - Joint Economic Area,Money Heist: Korea - Joint Economic Area: Season 1,49000000,,,2
2022-07-03,TV (Non-English),2,"Yo soy Betty, la fea","Yo soy Betty, la fea: Season 1",11880000,,,29
2022-07-03,TV (Non-English),3,Café con aroma de mujer,Café con aroma de mujer: Season 1,11570000,,,20
2022-07-03,TV (Non-English),4,Intimacy,Intimacy: Limited Series,10800000,,,4
2022-07-03,TV (Non-English),5,Alchemy of Souls,Alchemy of Souls: Part 1,9920000,,,1
2022-07-03,TV (Non-English),6,Ghost Doctor,Ghost Doctor: Limited Series,9870000,,,1
2022-07-03,TV (Non-English),7,"Malverde, el santo patrón","Malverde, el santo patrón: Season 1",9630000,,,4
2022-07-03,TV (Non-English),8,"BASTARD‼ -Heavy Metal, Dark Fantasy-","BASTARD‼ -Heavy Metal, Dark Fantasy-: Season 1",8960000,,,1
2022-07-03,TV (Non-English),9,Money Heist,Money Heist: Part 1,8570000,,,8
2022-07-03,TV (Non-English),10,Queen,Queen: Season 1,7400000,,,1
2022-07-10,TV (Non-English),1,Extraordinary Attorney Woo,Extraordinary Attorney Woo: Season 1,23950000,,,1
2022-07-10,TV (Non-English),2,Control Z,Control Z: Season 3,18080000,,,1
2022-07-10,TV (Non-English),3,Money Heist: Korea - Joint Economic Area,Money Heist: Korea - Joint Economic Area: Season 1,15630000,,,3
2022-07-10,TV (Non-English),4,The Longest Night,The Longest Night: Season 1,12720000,,,1
2022-07-10,TV (Non-English),5,Alchemy of Souls,Alchemy of Souls: Part 1,12310000,,,2
2022-07-10,TV (Non-English),6,"Yo soy Betty, la fea","Yo soy Betty, la fea: Season 1",12190000,,,30
2022-07-10,TV (Non-English),7,Café con aroma de mujer,Café con aroma de mujer: Season 1,11490000,,,21
2022-07-10,TV (Non-English),8,"BASTARD‼ -Heavy Metal, Dark Fantasy-","BASTARD‼ -Heavy Metal, Dark Fantasy-: Season 1",9320000,,,2
2022-07-10,TV (Non-English),9,Ghost Doctor,Ghost Doctor: Limited Series,7650000,,,2
2022-07-10,TV (Non-English),10,"Malverde, el santo patrón","Malverde, el santo patrón: Season 1",7580000,,,5
2022-07-17,TV (Non-English),1,Extraordinary Attorney Woo,Extraordinary Attorney Woo: Season 1,45580000,,,2
2022-07-17,TV (Non-English),2,The Longest Night,The Longest Night: Season 1,24200000,,,2
2022-07-17,TV (Non-English),3,Sintonia,Sintonia: Season 3,23020000,,,1
2022-07-17,TV (Non-English),4,Alba,Alba: Season 1,19920000,,,1
2022-07-17,TV (Non-English),5,Alchemy of Souls,Alchemy of Souls: Part 1,14640000,,,3
2022-07-17,TV (Non-English),6,Control Z,Control Z: Season 3,13090000,,,2
2022-07-17,TV (Non-English),7,Café con aroma de mujer,Café con aroma de mujer: Season 1,11210000,,,22
2022-07-17,TV (Non-English),8,Remarriage & Desires,Remarriage & Desires: Season 1,11170000,,,1
2022-07-17,TV (Non-English),9,She Would Never Know,She Would Never Know: Limited Series,10420000,,,1
2022-07-17,TV (Non-English),10,Capitani,Capitani: Season 2,9480000,,,1
2022-07-24,TV (Non-English),1,Alba,Alba: Season 1,57740000,,,2
2022-07-24,TV (Non-English),2,Extraordinary Attorney Woo,Extraordinary Attorney Woo: Season 1,55070000,,,3
2022-07-24,TV (Non-English),3,Remarriage & Desires,Remarriage & Desires: Season 1,31510000,,,2
2022-07-24,TV (Non-English),4,Pasión de Gavilanes,Pasión de Gavilanes: Season 2,16110000,,,1
2022-07-24,TV (Non-English),5,Alchemy of Souls,Alchemy of Souls: Part 1,15760000,,,4
2022-07-24,TV (Non-English),6,Backstreet Rookie,Backstreet Rookie: Limited Series,10130000,,,1
2022-07-24,TV (Non-English),7,Café con aroma de mujer,Café con aroma de mujer: Season 1,9920000,,,23
2022-07-24,TV (Non-English),8,Sintonia,Sintonia: Season 3,9240000,,,2
2022-07-24,TV (Non-English),9,The Longest Night,The Longest Night: Season 1,8440000,,,3
2022-07-24,TV (Non-English),10,Oh My Venus,Oh My Venus: Limited Series,7060000,,,1
2022-07-31,TV (Non-English),1,Extraordinary Attorney Woo,Extraordinary Attorney Woo: Season 1,65630000,,,4
2022-07-31,TV (Non-English),2,Alba,Alba: Season 1,33520000,,,3
2022-07-31,TV (Non-English),3,Pasión de Gavilanes,Pasión de Gavilanes: Season 2,33390000,,,2
2022-07-31,TV (Non-English),4,Alchemy of Souls,Alchemy of Souls: Part 1,19080000,,,5
2022-07-31,TV (Non-English),5,Another Self,Another Self: Season 1,18100000,,,1
2022-07-31,TV (Non-English),6,Remarriage & Desires,Remarriage & Desires: Season 1,17630000,,,3
2022-07-31,TV (Non-English),7,Rebelde,Rebelde: Season 2,15310000,,,1
2022-07-31,TV (Non-English),8,Oh My Venus,Oh My Venus: Limited Series,10460000,,,2
2022-07-31,TV (Non-English),9,Pasión de Gavilanes,Pasión de Gavilanes: Season 1,8860000,,,2
2022-07-31,TV (Non-English),10,Café con aroma de mujer,Café con aroma de mujer: Season 1,8730000,,,24
2022-08-07,TV (Non-English),1,Extraordinary Attorney Woo,Extraordinary Attorney Woo: Season 1,67010000,,,5
2022-08-07,TV (Non-English),2,Another Self,Another Self: Season 1,31200000,,,2
2022-08-07,TV (Non-English),3,Pasión de Gavilanes,Pasión de Gavilanes: Season 2,29730000,,,3
2022-08-07,TV (Non-English),4,Alchemy of Souls,Alchemy of Souls: Part 1,20100000,,,6
2022-08-07,TV (Non-English),5,Alba,Alba: Season 1,17370000,,,4
2022-08-07,TV (Non-English),6,"Good Morning, Verônica","Good Morning, Verônica: Season 2",14790000,,,1
2022-08-07,TV (Non-English),7,"Good Morning, Verônica","Good Morning, Verônica: Season 1",9260000,,,1
2022-08-07,TV (Non-English),8,Pasión de Gavilanes,Pasión de Gavilanes: Season 1,9150000,,,3
2022-08-07,TV (Non-English),9,Rebelde,Rebelde: Season 2,8760000,,,2
2022-08-07,TV (Non-English),10,Remarriage & Desires,Remarriage & Desires: Season 1,7540000,,,4
2022-08-14,TV (Non-English),1,Extraordinary Attorney Woo,Extraordinary Attorney Woo: Season 1,69360000,,,6
2022-08-14,TV (Non-English),2,Pasión de Gavilanes,Pasión de Gavilanes: Season 2,23950000,,,4
2022-08-14,TV (Non-English),3,Another Self,Another Self: Season 1,21990000,,,3
2022-08-14,TV (Non-English),4,Alchemy of Souls,Alchemy of Souls: Part 1,17840000,,,7
2022-08-14,TV (Non-English),5,"Good Morning, Verônica","Good Morning, Verônica: Season 2",12630000,,,2
2022-08-14,TV (Non-English),6,Alba,Alba: Season 1,11670000,,,5
2022-08-14,TV (Non-English),7,"Good Morning, Verônica","Good Morning, Verônica: Season 1",9420000,,,2
2022-08-14,TV (Non-English),8,Pasión de Gavilanes,Pasión de Gavilanes: Season 1,9090000,,,4
2022-08-14,TV (Non-English),9,A Model Family,A Model Family: Season 1,7060000,,,1
2022-08-14,TV (Non-English),10,Café con aroma de mujer,Café con aroma de mujer: Season 1,6980000,,,25
2022-08-21,TV (Non-English),1,Extraordinary Attorney Woo,Extraordinary Attorney Woo: Season 1,77430000,,,7
2022-08-21,TV (Non-English),2,High Heat,High Heat: Season 1,27680000,,,1
2022-08-21,TV (Non-English),3,A Model Family,A Model Family: Season 1,19770000,,,2
2022-08-21,TV (Non-English),4,Pasión de Gavilanes,Pasión de Gavilanes: Season 2,19530000,,,5
2022-08-21,TV (Non-English),5,Alchemy of Souls,Alchemy of Souls: Part 1,18040000,,,8
2022-08-21,TV (Non-English),6,Another Self,Another Self: Season 1,17300000,,,4
2022-08-21,TV (Non-English),7,Pasión de Gavilanes,Pasión de Gavilanes: Season 1,8840000,,,5
2022-08-21,TV (Non-English),8,Alba,Alba: Season 1,8390000,,,6
2022-08-21,TV (Non-English),9,The Girl in the Mirror,The Girl in the Mirror: Season 1,7920000,,,1
2022-08-21,TV (Non-English),10,"Good Morning, Verônica","Good Morning, Verônica: Season 2",7020000,,,3
2022-08-28,TV (Non-English),1,Extraordinary Attorney Woo,Extraordinary Attorney Woo: Season 1,53890000,,,8
2022-08-28,TV (Non-English),2,High Heat,High Heat: Season 1,53390000,,,2
2022-08-28,TV (Non-English),3,Alchemy of Souls,Alchemy of Souls: Part 1,28590000,,,9
2022-08-28,TV (Non-English),4,Kleo,Kleo: Season 1,21570000,,,1
2022-08-28,TV (Non-English),5,The Girl in the Mirror,The Girl in the Mirror: Season 1,16640000,,,2
2022-08-28,TV (Non-English),6,Pasión de Gavilanes,Pasión de Gavilanes: Season 2,14770000,,,6
2022-08-28,TV (Non-English),7,Another Self,Another Self: Season 1,11830000,,,5
2022-08-28,TV (Non-English),8,Young Lady and Gentleman,Young Lady and Gentleman: Limited Series,8780000,,,1
2022-08-28,TV (Non-English),9,A Model Family,A Model Family: Season 1,8130000,,,3
2022-08-28,TV (Non-English),10,Pasión de Gavilanes,Pasión de Gavilanes: Season 1,8020000,,,6
2022-09-04,TV (Non-English),1,Extraordinary Attorney Woo,Extraordinary Attorney Woo: Season 1,48820000,,,9
2022-09-04,TV (Non-English),2,High Heat,High Heat: Season 1,44050000,,,3
2022-09-04,TV (Non-English),3,Alchemy of Souls,Alchemy of Souls: Part 1,27200000,,,10
2022-09-04,TV (Non-English),4,Young Lady and Gentleman,Young Lady and Gentleman: Limited Series,18270000,,,2
2022-09-04,TV (Non-English),5,Kleo,Kleo: Season 1,12760000,,,2
2022-09-04,TV (Non-English),6,Pasión de Gavilanes,Pasión de Gavilanes: Season 2,12160000,,,7
2022-09-04,TV (Non-English),7,Family Secrets,Family Secrets: Season 1,10250000,,,1
2022-09-04,TV (Non-English),8,Ludik,Ludik: Season 1,9860000,,,1
2022-09-04,TV (Non-English),9,Under Fire,Under Fire: Season 1,8620000,,,1
2022-09-04,TV (Non-English),10,Another Self,Another Self: Season 1,8400000,,,6
2022-09-11,TV (Non-English),1,Extraordinary Attorney Woo,Extraordinary Attorney Woo: Season 1,31640000,,,10
2022-09-11,TV (Non-English),2,Diary of a Gigolo,Diary of a Gigolo: Season 1,27980000,,,1
2022-09-11,TV (Non-English),3,High Heat,High Heat: Season 1,26990000,,,4
2022-09-11,TV (Non-English),4,Young Lady and Gentleman,Young Lady and Gentleman: Limited Series,21480000,,,3
2022-09-11,TV (Non-English),5,Narco-Saints,Narco-Saints: Season 1,20600000,,,1
2022-09-11,TV (Non-English),6,Alchemy of Souls,Alchemy of Souls: Part 1,16840000,,,11
2022-09-11,TV (Non-English),7,Little Women,Little Women: Limited Series,9970000,,,1
2022-09-11,TV (Non-English),8,Pasión de Gavilanes,Pasión de Gavilanes: Season 2,9630000,,,8
2022-09-11,TV (Non-English),9,Entrapped,Entrapped: Season 1,7900000,,,1
2022-09-11,TV (Non-English),10,Family Secrets,Family Secrets: Season 1,7110000,,,2
2022-09-18,TV (Non-English),1,Narco-Saints,Narco-Saints: Season 1,62650000,,,2
2022-09-18,TV (Non-English),2,Diary of a Gigolo,Diary of a Gigolo: Season 1,34410000,,,2
2022-09-18,TV (Non-English),3,"El Rey, Vicente Fernández","El Rey, Vicente Fernández: Season 1",22710000,,,1
2022-09-18,TV (Non-English),4,Extraordinary Attorney Woo,Extraordinary Attorney Woo: Season 1,21970000,,,11
2022-09-18,TV (Non-English),5,Young Lady and Gentleman,Young Lady and Gentleman: Limited Series,18490000,,,4
2022-09-18,TV (Non-English),6,High Heat,High Heat: Season 1,16210000,,,5
2022-09-18,TV (Non-English),7,The Lørenskog Disappearance,The Lørenskog Disappearance: Limited Series,16040000,,,1
2022-09-18,TV (Non-English),8,Cyberpunk: Edgerunners,Cyberpunk: Edgerunners: Season 1,14880000,,,1
2022-09-18,TV (Non-English),9,Little Women,Little Women: Limited Series,12960000,,,2
2022-09-18,TV (Non-English),10,Alchemy of Souls,Alchemy of Souls: Part 1,10890000,,,12
2022-09-25,TV (Non-English),1,"El Rey, Vicente Fernández","El Rey, Vicente Fernández: Season 1",33340000,,,2
2022-09-25,TV (Non-English),2,Narco-Saints,Narco-Saints: Season 1,27440000,,,3
2022-09-25,TV (Non-English),3,Diary of a Gigolo,Diary of a Gigolo: Season 1,18020000,,,3
2022-09-25,TV (Non-English),4,Extraordinary Attorney Woo,Extraordinary Attorney Woo: Season 1,16890000,,,12
2022-09-25,TV (Non-English),5,Little Women,Little Women: Limited Series,15020000,,,3
2022-09-25,TV (Non-English),6,Young Lady and Gentleman,Young Lady and Gentleman: Limited Series,14740000,,,5
2022-09-25,TV (Non-English),7,Cyberpunk: Edgerunners,Cyberpunk: Edgerunners: Season 1,13760000,,,2
2022-09-25,TV (Non-English),8,Thai Cave Rescue,Thai Cave Rescue: Limited Series,13410000,,,1
2022-09-25,TV (Non-English),9,Santo,Santo: Season 1,10650000,,,1
2022-09-25,TV (Non-English),10,High Heat,High Heat: Season 1,10540000,,,6
2022-10-02,TV (Non-English),1,The Empress,The Empress: Season 1,47210000,,,1
2022-10-02,TV (Non-English),2,Thai Cave Rescue,Thai Cave Rescue: Limited Series,21230000,,,2
2022-10-02,TV (Non-English),3,"El Rey, Vicente Fernández","El Rey, Vicente Fernández: Season 1",20870000,,,3
2022-10-02,TV (Non-English),4,Little Women,Little Women: Limited Series,18940000,,,4
2022-10-02,TV (Non-English),5,Extraordinary Attorney Woo,Extraordinary Attorney Woo: Season 1,13370000,,,13
2022-10-02,TV (Non-English),6,Narco-Saints,Narco-Saints: Season 1,12080000,,,4
2022-10-02,TV (Non-English),7,Cyberpunk: Edgerunners,Cyberpunk: Edgerunners: Season 1,11090000,,,3
2022-10-02,TV (Non-English),8,Alchemy of Souls,Alchemy of Souls: Part 1,10980000,,,13
2022-10-02,TV (Non-English),9,Young Lady and Gentleman,Young Lady and Gentleman: Limited Series,10860000,,,6
2022-10-02,TV (Non-English),10,Diary of a Gigolo,Diary of a Gigolo: Season 1,10200000,,,4
2022-10-09,TV (Non-English),1,The Empress,The Empress: Season 1,59430000,,,2
2022-10-09,TV (Non-English),2,High Water,High Water: Season 1,45840000,,,1
2022-10-09,TV (Non-English),3,Little Women,Little Women: Limited Series,23580000,,,5
2022-10-09,TV (Non-English),4,"El Rey, Vicente Fernández","El Rey, Vicente Fernández: Season 1",13750000,,,4
2022-10-09,TV (Non-English),5,Extraordinary Attorney Woo,Extraordinary Attorney Woo: Season 1,12220000,,,14
2022-10-09,TV (Non-English),6,Alchemy of Souls,Alchemy of Souls: Part 1,9780000,,,14
2022-10-09,TV (Non-English),7,Young Lady and Gentleman,Young Lady and Gentleman: Limited Series,8520000,,,7
2022-10-09,TV (Non-English),8,Cyberpunk: Edgerunners,Cyberpunk: Edgerunners: Season 1,8020000,,,4
2022-10-09,TV (Non-English),9,Narco-Saints,Narco-Saints: Season 1,7580000,,,5
2022-10-09,TV (Non-English),10,Diary of a Gigolo,Diary of a Gigolo: Season 1,7100000,,,5
2022-10-16,TV (Non-English),1,High Water,High Water: Season 1,31040000,,,2
2022-10-16,TV (Non-English),2,The Empress,The Empress: Season 1,28080000,,,3
2022-10-16,TV (Non-English),3,Little Women,Little Women: Limited Series,24990000,,,6
2022-10-16,TV (Non-English),4,Extraordinary Attorney Woo,Extraordinary Attorney Woo: Season 1,12150000,,,15
2022-10-16,TV (Non-English),5,"El Rey, Vicente Fernández","El Rey, Vicente Fernández: Season 1",9360000,,,5
2022-10-16,TV (Non-English),6,Holy Family,Holy Family: Season 1,8510000,,,1
2022-10-16,TV (Non-English),7,Alchemy of Souls,Alchemy of Souls: Part 1,7750000,,,15
2022-10-16,TV (Non-English),8,Glitch,Glitch: Limited Series,7440000,,,1
2022-10-16,TV (Non-English),9,Young Lady and Gentleman,Young Lady and Gentleman: Limited Series,7070000,,,8
2022-10-16,TV (Non-English),10,Chiquititas,,6000000,,,2
2022-10-23,TV (Non-English),1,Til Money Do Us Part,Til Money Do Us Part: Season 1,21870000,,,1
2022-10-23,TV (Non-English),2,Holy Family,Holy Family: Season 1,18590000,,,2
2022-10-23,TV (Non-English),3,Little Women,Little Women: Limited Series,15550000,,,7
2022-10-23,TV (Non-English),4,The Empress,The Empress: Season 1,15090000,,,4
2022-10-23,TV (Non-English),5,Barbarians,Barbarians: II,14590000,,,1
2022-10-23,TV (Non-English),6,Vatican Girl: The Disappearance of Emanuela Orlandi,Vatican Girl: The Disappearance of Emanuela Orlandi: Limited Series,11580000,,,1
2022-10-23,TV (Non-English),7,The Playlist,The Playlist: Limited Series,10920000,,,1
2022-10-23,TV (Non-English),8,Extraordinary Attorney Woo,Extraordinary Attorney Woo: Season 1,10490000,,,16
2022-10-23,TV (Non-English),9,High Water,High Water: Season 1,10290000,,,3
2022-10-23,TV (Non-English),10,Barbarians,,8300000,,,1
2022-10-30,TV (Non-English),1,Til Money Do Us Part,Til Money Do Us Part: Season 1,51490000,,,2
2022-10-30,TV (Non-English),2,Barbarians,Barbarians: II,21220000,,,2
2022-10-30,TV (Non-English),3,Dubai Bling,Dubai Bling: Season 1,13710000,,,1
2022-10-30,TV (Non-English),4,Little Women,Little Women: Limited Series,12290000,,,8
2022-10-30,TV (Non-English),5,Barbarians,,12120000,,,2
2022-10-30,TV (Non-English),6,Vatican Girl: The Disappearance of Emanuela Orlandi,Vatican Girl: The Disappearance of Emanuela Orlandi: Limited Series,10640000,,,2
2022-10-30,TV (Non-English),7,The Empress,The Empress: Season 1,9990000,,,5
2022-10-30,TV (Non-English),8,If Only,If Only: Season 1,9100000,,,1
2022-10-30,TV (Non-English),9,Extraordinary Attorney Woo,Extraordinary Attorney Woo: Season 1,8990000,,,17
2022-10-30,TV (Non-English),10,Under the Queen's Umbrella,Under the Queen's Umbrella: Limited Series,8010000,,,1
2022-11-06,TV (Non-English),1,Til Money Do Us Part,Til Money Do Us Part: Season 1,52230000,,,3
2022-11-06,TV (Non-English),2,Dubai Bling,Dubai Bling: Season 1,20790000,,,2
2022-11-06,TV (Non-English),3,Young Royals,Young Royals: Season 2,18860000,,,1
2022-11-06,TV (Non-English),4,If Only,If Only: Season 1,14950000,,,2
2022-11-06,TV (Non-English),5,Little Women,Little Women: Limited Series,11300000,,,9
2022-11-06,TV (Non-English),6,Under the Queen's Umbrella,Under the Queen's Umbrella: Limited Series,10420000,,,2
2022-11-06,TV (Non-English),7,Barbarians,Barbarians: II,9390000,,,3
2022-11-06,TV (Non-English),8,Once Upon a Small Town,Once Upon a Small Town: Limited Series,9050000,,,1
2022-11-06,TV (Non-English),9,Extraordinary Attorney Woo,Extraordinary Attorney Woo: Season 1,8370000,,,18
2022-11-06,TV (Non-English),10,Chiquititas,,7760000,,,3
2022-11-13,TV (Non-English),1,Til Money Do Us Part,Til Money Do Us Part: Season 1,46600000,,,4
2022-11-13,TV (Non-English),2,The Secret of the Greco Family,The Secret of the Greco Family: Season 1,14200000,,,1
2022-11-13,TV (Non-English),3,Under the Queen's Umbrella,Under the Queen's Umbrella: Limited Series,12200000,,,3
2022-11-13,TV (Non-English),4,Little Women,Little Women: Limited Series,10330000,,,10
2022-11-13,TV (Non-English),5,If Only,If Only: Season 1,8920000,,,3
2022-11-13,TV (Non-English),6,Dubai Bling,Dubai Bling: Season 1,8840000,,,3
2022-11-13,TV (Non-English),7,Chiquititas,,7400000,,,4
2022-11-13,TV (Non-English),8,Extraordinary Attorney Woo,Extraordinary Attorney Woo: Season 1,6980000,,,19
2022-11-13,TV (Non-English),9,Café con aroma de mujer,Café con aroma de mujer: Season 1,6580000,,,26
2022-11-13,TV (Non-English),10,Young Royals,Young Royals: Season 2,6290000,,,2
2022-11-20,TV (Non-English),1,Til Money Do Us Part,Til Money Do Us Part: Season 1,39960000,,,5
2022-11-20,TV (Non-English),2,Elite,Elite: Season 6,36870000,,,1
2022-11-20,TV (Non-English),3,Under the Queen's Umbrella,Under the Queen's Umbrella: Limited Series,15620000,,,4
2022-11-20,TV (Non-English),4,Little Women,Little Women: Limited Series,8590000,,,11
2022-11-20,TV (Non-English),5,Chiquititas,,7940000,,,5
2022-11-20,TV (Non-English),6,Café con aroma de mujer,Café con aroma de mujer: Season 1,6850000,,,27
2022-11-20,TV (Non-English),7,Extraordinary Attorney Woo,Extraordinary Attorney Woo: Season 1,6780000,,,20
2022-11-20,TV (Non-English),8,"Pablo Escobar, el patrón del mal","Pablo Escobar, el patrón del mal: Season 1",5760000,,,1
2022-11-20,TV (Non-English),9,Love Never Lies: Destination Sardinia,Love Never Lies: Destination Sardinia: Season 1,5420000,,,1
2022-11-20,TV (Non-English),10,Dubai Bling,Dubai Bling: Season 1,5400000,,,4
2022-11-27,TV (Non-English),1,Elite,Elite: Season 6,48270000,,,2
2022-11-27,TV (Non-English),2,Til Money Do Us Part,Til Money Do Us Part: Season 1,32210000,,,6
2022-11-27,TV (Non-English),3,Under the Queen's Umbrella,Under the Queen's Umbrella: Limited Series,18080000,,,5
2022-11-27,TV (Non-English),4,Reborn Rich,Reborn Rich: Limited Series,10350000,,,1
2022-11-27,TV (Non-English),5,Somebody,Somebody: Season 1,9940000,,,1
2022-11-27,TV (Non-English),6,The Unbroken Voice,The Unbroken Voice: Season 1,9900000,,,1
2022-11-27,TV (Non-English),7,Chiquititas,,7280000,,,6
2022-11-27,TV (Non-English),8,First Love,First Love: Season 1,7220000,,,1
2022-11-27,TV (Non-English),9,Khakee: The Bihar Chapter,Khakee: The Bihar Chapter: Season 1,6330000,,,1
2022-11-27,TV (Non-English),10,Café con aroma de mujer,Café con aroma de mujer: Season 1,6310000,,,28
2022-12-04,TV (Non-English),1,The Unbroken Voice,The Unbroken Voice: Season 1,28110000,,,2
2022-12-04,TV (Non-English),2,Til Money Do Us Part,Til Money Do Us Part: Season 1,24900000,,,7
2022-12-04,TV (Non-English),3,Elite,Elite: Season 6,22440000,,,3
2022-12-04,TV (Non-English),4,Under the Queen's Umbrella,Under the Queen's Umbrella: Limited Series,19470000,,,6
2022-12-04,TV (Non-English),5,First Love,First Love: Season 1,12300000,,,2
2022-12-04,TV (Non-English),6,Reborn Rich,Reborn Rich: Limited Series,12070000,,,2
2022-12-04,TV (Non-English),7,Khakee: The Bihar Chapter,Khakee: The Bihar Chapter: Season 1,11270000,,,2
2022-12-04,TV (Non-English),8,JoJo's Bizarre Adventure,JoJo's Bizarre Adventure: STONE OCEAN,8770000,,,2
2022-12-04,TV (Non-English),9,Chiquititas,,7100000,,,7
2022-12-04,TV (Non-English),10,Extraordinary Attorney Woo,Extraordinary Attorney Woo: Season 1,5500000,,,21
2022-12-11,TV (Non-English),1,The Unbroken Voice,The Unbroken Voice: Season 1,26880000,,,3
2022-12-11,TV (Non-English),2,Til Money Do Us Part,Til Money Do Us Part: Season 1,20880000,,,8
2022-12-11,TV (Non-English),3,Under the Queen's Umbrella,Under the Queen's Umbrella: Limited Series,17270000,,,7
2022-12-11,TV (Non-English),4,Reborn Rich,Reborn Rich: Limited Series,16810000,,,3
2022-12-11,TV (Non-English),5,Elite,Elite: Season 6,13400000,,,4
2022-12-11,TV (Non-English),6,I Hate Christmas,I Hate Christmas: Season 1,12830000,,,1
2022-12-11,TV (Non-English),7,Money Heist: Korea - Joint Economic Area,Money Heist: Korea - Joint Economic Area: Season 1,12800000,,,4
2022-12-11,TV (Non-English),8,Hot Skull,Hot Skull: Season 1,10910000,,,1
2022-12-11,TV (Non-English),9,First Love,First Love: Season 1,9060000,,,3
2022-12-11,TV (Non-English),10,Lookism,Lookism: Season 1,8050000,,,1
2022-12-18,TV (Non-English),1,The Unbroken Voice,The Unbroken Voice: Season 1,22570000,,,4
2022-12-18,TV (Non-English),2,Money Heist: Korea - Joint Economic Area,Money Heist: Korea - Joint Economic Area: Season 1,22340000,,,5
2022-12-18,TV (Non-English),3,Reborn Rich,Reborn Rich: Limited Series,19440000,,,4
2022-12-18,TV (Non-English),4,Til Money Do Us Part,Til Money Do Us Part: Season 1,17120000,,,9
2022-12-18,TV (Non-English),5,Alchemy of Souls,Alchemy of Souls: Part 1,13500000,,,16
2022-12-18,TV (Non-English),6,Alchemy of Souls,Alchemy of Souls: Part 2,13070000,,,1
2022-12-18,TV (Non-English),7,A Storm for Christmas,A Storm for Christmas: Limited Series,12330000,,,1
2022-12-18,TV (Non-English),8,Lookism,Lookism: Season 1,9960000,,,2
2022-12-18,TV (Non-English),9,I Hate Christmas,I Hate Christmas: Season 1,9490000,,,2
2022-12-18,TV (Non-English),10,Under the Queen's Umbrella,Under the Queen's Umbrella: Limited Series,9390000,,,8
2022-12-25,TV (Non-English),1,Alice in Borderland,Alice in Borderland: Season 2,61190000,,,1
2022-12-25,TV (Non-English),2,Alice in Borderland,Alice in Borderland: Season 1,18660000,,,6
2022-12-25,TV (Non-English),3,Reborn Rich,Reborn Rich: Limited Series,17010000,,,5
2022-12-25,TV (Non-English),4,The Unbroken Voice,The Unbroken Voice: Season 1,16550000,,,5
2022-12-25,TV (Non-English),5,Alchemy of Souls,Alchemy of Souls: Part 2,15060000,,,2
2022-12-25,TV (Non-English),6,Til Money Do Us Part,Til Money Do Us Part: Season 1,13850000,,,10
2022-12-25,TV (Non-English),7,A Storm for Christmas,A Storm for Christmas: Limited Series,13640000,,,2
2022-12-25,TV (Non-English),8,Alchemy of Souls,Alchemy of Souls: Part 1,11830000,,,17
2022-12-25,TV (Non-English),9,Blood Ties,Blood Ties: Season 1,11660000,,,1
2022-12-25,TV (Non-English),10,Single’s Inferno,Single’s Inferno: Season 2,11580000,,,1
2023-01-01,TV (Non-English),1,Alice in Borderland,Alice in Borderland: Season 2,74300000,,,2
2023-01-01,TV (Non-English),2,Alice in Borderland,Alice in Borderland: Season 1,30220000,,,7
2023-01-01,TV (Non-English),3,The Glory,The Glory: Season 1,25410000,,,1
2023-01-01,TV (Non-English),4,Daughter From Another Mother,Daughter From Another Mother: Season 3,22490000,,,1
2023-01-01,TV (Non-English),5,La Reina del Sur,La Reina del Sur: Season 3,22410000,,,1
2023-01-01,TV (Non-English),6,Alchemy of Souls,Alchemy of Souls: Part 2,17170000,,,3
2023-01-01,TV (Non-English),7,Single’s Inferno,Single’s Inferno: Season 2,14880000,,,2
2023-01-01,TV (Non-English),8,The Unbroken Voice,The Unbroken Voice: Season 1,14020000,,,6
2023-01-01,TV (Non-English),9,Til Money Do Us Part,Til Money Do Us Part: Season 1,13330000,,,11
2023-01-01,TV (Non-English),10,Reborn Rich,Reborn Rich: Limited Series,11980000,,,6
2023-01-08,TV (Non-English),1,The Glory,The Glory: Season 1,82480000,,,2
2023-01-08,TV (Non-English),2,La Reina del Sur,La Reina del Sur: Season 3,79250000,,,2
2023-01-08,TV (Non-English),3,Alice in Borderland,Alice in Borderland: Season 2,41840000,,,3
2023-01-08,TV (Non-English),4,Lady Voyeur,Lady Voyeur: Limited Series,34370000,,,1
2023-01-08,TV (Non-English),5,Woman of the Dead,Woman of the Dead: Season 1,20740000,,,1
2023-01-08,TV (Non-English),6,Alchemy of Souls,Alchemy of Souls: Part 2,20510000,,,4
2023-01-08,TV (Non-English),7,Alice in Borderland,Alice in Borderland: Season 1,19130000,,,8
2023-01-08,TV (Non-English),8,Alpha Males,Alpha Males: Season 1,19090000,,,1
2023-01-08,TV (Non-English),9,Single’s Inferno,Single’s Inferno: Season 2,18340000,,,3
2023-01-08,TV (Non-English),10,Love Is Blind: Brazil,Love Is Blind: Brazil: Season 2,14280000,,,1
2023-01-15,TV (Non-English),1,La Reina del Sur,La Reina del Sur: Season 3,51930000,,,3
2023-01-15,TV (Non-English),2,The Glory,The Glory: Season 1,40110000,,,3
2023-01-15,TV (Non-English),3,Woman of the Dead,Woman of the Dead: Season 1,28690000,,,2
2023-01-15,TV (Non-English),4,Alice in Borderland,Alice in Borderland: Season 2,23220000,,,4
2023-01-15,TV (Non-English),5,Single’s Inferno,Single’s Inferno: Season 2,20280000,,,4
2023-01-15,TV (Non-English),6,Alpha Males,Alpha Males: Season 1,15200000,,,2
2023-01-15,TV (Non-English),7,Alchemy of Souls,Alchemy of Souls: Part 2,14980000,,,5
2023-01-15,TV (Non-English),8,Sky Rojo,Sky Rojo: Season 3,13590000,,,1
2023-01-15,TV (Non-English),9,Lady Voyeur,Lady Voyeur: Limited Series,12450000,,,2
2023-01-15,TV (Non-English),10,Love Is Blind: Brazil,Love Is Blind: Brazil: Season 2,11920000,,,2
2023-01-22,TV (Non-English),1,La Reina del Sur,La Reina del Sur: Season 3,54090000,,,4
2023-01-22,TV (Non-English),2,Women at War,Women at War: Limited Series,24530000,,,1
2023-01-22,TV (Non-English),3,The Glory,The Glory: Season 1,24200000,,,4
2023-01-22,TV (Non-English),4,Sky Rojo,Sky Rojo: Season 3,19070000,,,2
2023-01-22,TV (Non-English),5,Shahmaran,Shahmaran: Season 1,17030000,,,1
2023-01-22,TV (Non-English),6,Alice in Borderland,Alice in Borderland: Season 2,15680000,,,5
2023-01-22,TV (Non-English),7,Fauda,Fauda: Season 4,12050000,,,1
2023-01-22,TV (Non-English),8,Alchemy of Souls,Alchemy of Souls: Part 1,11580000,,,18
2023-01-22,TV (Non-English),9,Woman of the Dead,Woman of the Dead: Season 1,11490000,,,3
2023-01-22,TV (Non-English),10,Alpha Males,Alpha Males: Season 1,10570000,,,3
2023-01-29,TV (Non-English),1,La Reina del Sur,La Reina del Sur: Season 3,37470000,,,5
2023-01-29,TV (Non-English),2,Shahmaran,Shahmaran: Season 1,33960000,,,2
2023-01-29,TV (Non-English),3,The Snow Girl,The Snow Girl 1.,31830000,,,1
2023-01-29,TV (Non-English),4,Women at War,Women at War: Limited Series,30280000,,,2
2023-01-29,TV (Non-English),5,Record of Ragnarok,Record of Ragnarok: Season 2,29190000,,,1
2023-01-29,TV (Non-English),6,The Endless Night,The Endless Night: Limited Series,28330000,,,1
2023-01-29,TV (Non-English),7,Physical: 100,Physical: 100: Season 1,22510000,,,1
2023-01-29,TV (Non-English),8,Fauda,Fauda: Season 4,19210000,,,2
2023-01-29,TV (Non-English),9,The Glory,The Glory: Season 1,17360000,,,5
2023-01-29,TV (Non-English),10,Alchemy of Souls,Alchemy of Souls: Part 1,14930000,,,19
2023-02-05,TV (Non-English),1,The Snow Girl,The Snow Girl 1.,50240000,,,2
2023-02-05,TV (Non-English),2,Physical: 100,Physical: 100: Season 1,31300000,,,2
2023-02-05,TV (Non-English),3,La Reina del Sur,La Reina del Sur: Season 3,25730000,,,6
2023-02-05,TV (Non-English),4,Record of Ragnarok,Record of Ragnarok: Season 2,18880000,,,2
2023-02-05,TV (Non-English),5,Crash Course in Romance,Crash Course in Romance: Limited Series,15550000,,,1
2023-02-05,TV (Non-English),6,The Endless Night,The Endless Night: Limited Series,14950000,,,2
2023-02-05,TV (Non-English),7,Alchemy of Souls,Alchemy of Souls: Part 2,11520000,,,6
2023-02-05,TV (Non-English),8,Women at War,Women at War: Limited Series,11230000,,,3
2023-02-05,TV (Non-English),9,The Interest of Love,The Interest of Love: Limited Series,10950000,,,1
2023-02-05,TV (Non-English),10,Shahmaran,Shahmaran: Season 1,10700000,,,3
2023-02-12,TV (Non-English),1,Physical: 100,Physical: 100: Season 1,41610000,,,3
2023-02-12,TV (Non-English),2,Crash Course in Romance,Crash Course in Romance: Limited Series,21040000,,,2
2023-02-12,TV (Non-English),3,The Snow Girl,The Snow Girl 1.,19610000,,,3
2023-02-12,TV (Non-English),4,La Reina del Sur,La Reina del Sur: Season 3,19610000,,,7
2023-02-12,TV (Non-English),5,True Beauty,True Beauty: Limited Series,16510000,,,1
2023-02-12,TV (Non-English),6,The Interest of Love,The Interest of Love: Limited Series,12390000,,,2
2023-02-12,TV (Non-English),7,Alchemy of Souls,Alchemy of Souls: Part 2,11610000,,,7
2023-02-12,TV (Non-English),8,Love to Hate You,Love to Hate You: Season 1,11270000,,,1
2023-02-12,TV (Non-English),9,Class,Class: Season 1,9910000,,,1
2023-02-12,TV (Non-English),10,Til Money Do Us Part,Til Money Do Us Part: Season 1,9330000,,,12
2023-02-19,TV (Non-English),1,Physical: 100,Physical: 100: Season 1,45420000,,,4
2023-02-19,TV (Non-English),2,Love to Hate You,Love to Hate You: Season 1,28570000,,,2
2023-02-19,TV (Non-English),3,The Law According to Lidia Poët,The Law According to Lidia Poët: Season 1,28250000,,,1
2023-02-19,TV (Non-English),4,Crash Course in Romance,Crash Course in Romance: Limited Series,21520000,,,3
2023-02-19,TV (Non-English),5,Mr. Queen,Mr. Queen: Limited Series,20950000,,,1
2023-02-19,TV (Non-English),6,In Love All Over Again,In Love All Over Again: Season 1,16160000,,,1
2023-02-19,TV (Non-English),7,True Beauty,True Beauty: Limited Series,14940000,,,2
2023-02-19,TV (Non-English),8,La Reina del Sur,La Reina del Sur: Season 3,14890000,,,8
2023-02-19,TV (Non-English),9,Alchemy of Souls,Alchemy of Souls: Part 2,11900000,,,8
2023-02-19,TV (Non-English),10,Ganglands,Ganglands: Season 2,10040000,,,1
2023-02-26,TV (Non-English),1,Triptych,Triptych: Season 1,50730000,,,1
2023-02-26,TV (Non-English),2,Physical: 100,Physical: 100: Season 1,37420000,,,5
2023-02-26,TV (Non-English),3,Mr. Queen,Mr. Queen: Limited Series,32440000,,,2
2023-02-26,TV (Non-English),4,Crash Course in Romance,Crash Course in Romance: Limited Series,23280000,,,4
2023-02-26,TV (Non-English),5,The Law According to Lidia Poët,The Law According to Lidia Poët: Season 1,22500000,,,2
2023-02-26,TV (Non-English),6,Ganglands,Ganglands: Season 2,16790000,,,2
2023-02-26,TV (Non-English),7,Love to Hate You,Love to Hate You: Season 1,14370000,,,3
2023-02-26,TV (Non-English),8,Eva Lasting,Eva Lasting: Season 1,12890000,,,1
2023-02-26,TV (Non-English),9,Ganglands,Ganglands: Season 1,12710000,,,4
2023-02-26,TV (Non-English),10,La Reina del Sur,La Reina del Sur: Season 3,12370000,,,9
2023-03-05,TV (Non-English),1,Triptych,Triptych: Season 1,39650000,,,2
2023-03-05,TV (Non-English),2,Wrong Side of the Tracks,Wrong Side of the Tracks: Season 2,34630000,,,1
2023-03-05,TV (Non-English),3,Crash Course in Romance,Crash Course in Romance: Limited Series,25970000,,,5
2023-03-05,TV (Non-English),4,Wrong Side of the Tracks,Wrong Side of the Tracks: Season 1,21980000,,,6
2023-03-05,TV (Non-English),5,Mr. Queen,Mr. Queen: Limited Series,20470000,,,3
2023-03-05,TV (Non-English),6,Physical: 100,Physical: 100: Season 1,14370000,,,6
2023-03-05,TV (Non-English),7,Too Hot to Handle: Germany,Too Hot to Handle: Germany: Season 1,14270000,,,1
2023-03-05,TV (Non-English),8,La Reina del Sur,La Reina del Sur: Season 3,9750000,,,10
2023-03-05,TV (Non-English),9,Monique Olivier: Accessory to Evil,Monique Olivier: Accessory to Evil: Limited Series,8720000,,,1
2023-03-05,TV (Non-English),10,The Law According to Lidia Poët,The Law According to Lidia Poët: Season 1,8540000,,,3
2023-03-12,TV (Non-English),1,The Glory,The Glory: Season 1,124460000,,,6
2023-03-12,TV (Non-English),2,Wrong Side of the Tracks,Wrong Side of the Tracks: Season 2,39080000,,,2
2023-03-12,TV (Non-English),3,Wrong Side of the Tracks,Wrong Side of the Tracks: Season 1,23830000,,,7
2023-03-12,TV (Non-English),4,Crash Course in Romance,Crash Course in Romance: Limited Series,22350000,,,6
2023-03-12,TV (Non-English),5,In the Name of God: A Holy Betrayal,In the Name of God: A Holy Betrayal: Season 1,16430000,,,1
2023-03-12,TV (Non-English),6,Triptych,Triptych: Season 1,14780000,,,3
2023-03-12,TV (Non-English),7,Mr. Queen,Mr. Queen: Limited Series,13670000,,,4
2023-03-12,TV (Non-English),8,Too Hot to Handle: Germany,Too Hot to Handle: Germany: Season 1,9970000,,,2
2023-03-12,TV (Non-English),9,La Reina del Sur,La Reina del Sur: Season 3,8230000,,,11
2023-03-12,TV (Non-English),10,Rana Naidu,Rana Naidu: Season 1,8070000,,,1
2023-03-19,TV (Non-English),1,The Glory,The Glory: Season 1,123590000,,,7
2023-03-19,TV (Non-English),2,Wrong Side of the Tracks,Wrong Side of the Tracks: Season 2,20100000,,,3
2023-03-19,TV (Non-English),3,Sky High: The Series,Sky High: The Series: Season 1,19180000,,,1
2023-03-19,TV (Non-English),4,Rana Naidu,Rana Naidu: Season 1,16410000,,,2
2023-03-19,TV (Non-English),5,Crash Course in Romance,Crash Course in Romance: Limited Series,14360000,,,7
2023-03-19,TV (Non-English),6,Wrong Side of the Tracks,Wrong Side of the Tracks: Season 1,10030000,,,8
2023-03-19,TV (Non-English),7,Mr. Queen,Mr. Queen: Limited Series,9770000,,,5
2023-03-19,TV (Non-English),8,In the Name of God: A Holy Betrayal,In the Name of God: A Holy Betrayal: Season 1,8100000,,,2
2023-03-19,TV (Non-English),9,Triptych,Triptych: Season 1,8010000,,,4
2023-03-19,TV (Non-English),10,Maestro in Blue,Maestro in Blue: Season 1,7300000,,,1
2023-03-26,TV (Non-English),1,The Glory,The Glory: Season 1,48350000,,,8
2023-03-26,TV (Non-English),2,Sky High: The Series,Sky High: The Series: Season 1,27800000,,,2
2023-03-26,TV (Non-English),3,Who Were We Running From?,Who Were We Running From?: Limited Series,19410000,,,1
2023-03-26,TV (Non-English),4,I Am Georgina,I Am Georgina: Season 2,16080000,,,1
2023-03-26,TV (Non-English),5,Crash Course in Romance,Crash Course in Romance: Limited Series,13510000,,,8
2023-03-26,TV (Non-English),6,Maestro in Blue,Maestro in Blue: Season 1,13260000,,,2
2023-03-26,TV (Non-English),7,Wrong Side of the Tracks,Wrong Side of the Tracks: Season 2,11740000,,,4
2023-03-26,TV (Non-English),8,Close to Home: Murder in the Coalfield,Close to Home: Murder in the Coalfield: Season 1,11540000,,,1
2023-03-26,TV (Non-English),9,Invisible City,Invisible City: Season 2,11130000,,,1
2023-03-26,TV (Non-English),10,Mr. Queen,Mr. Queen: Limited Series,7620000,,,6
2023-04-02,TV (Non-English),1,Who Were We Running From?,Who Were We Running From?: Limited Series,35890000,,,2
2023-04-02,TV (Non-English),2,The Glory,The Glory: Season 1,26720000,,,9
2023-04-02,TV (Non-English),3,I Am Georgina,I Am Georgina: Season 2,17250000,,,2
2023-04-02,TV (Non-English),4,Crash Course in Romance,Crash Course in Romance: Limited Series,10970000,,,9
2023-04-02,TV (Non-English),5,Sky High: The Series,Sky High: The Series: Season 1,8630000,,,3
2023-04-02,TV (Non-English),6,Invisible City,Invisible City: Season 2,7850000,,,2
2023-04-02,TV (Non-English),7,Divorce Attorney Shin,Divorce Attorney Shin: Limited Series,7540000,,,1
2023-04-02,TV (Non-English),8,Close to Home: Murder in the Coalfield,Close to Home: Murder in the Coalfield: Season 1,7260000,,,2
2023-04-02,TV (Non-English),9,Wrong Side of the Tracks,Wrong Side of the Tracks: Season 2,7200000,,,5
2023-04-02,TV (Non-English),10,From Me to You: Kimi ni Todoke,From Me to You: Kimi ni Todoke: Season 1,6730000,,,1
2023-04-09,TV (Non-English),1,The Glory,The Glory: Season 1,18570000,,,10
2023-04-09,TV (Non-English),2,Copycat Killer,Copycat Killer: Season 1,17740000,,,1
2023-04-09,TV (Non-English),3,War Sailor,War Sailor: Limited Series,13640000,,,1
2023-04-09,TV (Non-English),4,Who Were We Running From?,Who Were We Running From?: Limited Series,13230000,,,3
2023-04-09,TV (Non-English),5,Divorce Attorney Shin,Divorce Attorney Shin: Limited Series,9260000,,,2
2023-04-09,TV (Non-English),6,Crash Course in Romance,Crash Course in Romance: Limited Series,8300000,,,10
2023-04-09,TV (Non-English),7,Thicker Than Water,Thicker Than Water: Season 1,7500000,,,1
2023-04-09,TV (Non-English),8,I Am Georgina,I Am Georgina: Season 2,6920000,,,3
2023-04-09,TV (Non-English),9,From Me to You: Kimi ni Todoke,From Me to You: Kimi ni Todoke: Season 1,6600000,,,2
2023-04-09,TV (Non-English),10,"Pablo Escobar, el patrón del mal","Pablo Escobar, el patrón del mal: Season 1",6140000,,,2
2023-04-16,TV (Non-English),1,Queenmaker,Queenmaker: Season 1,15870000,,,1
2023-04-16,TV (Non-English),2,Thicker Than Water,Thicker Than Water: Season 1,14780000,,,2
2023-04-16,TV (Non-English),3,The Glory,The Glory: Season 1,12900000,,,11
2023-04-16,TV (Non-English),4,Divorce Attorney Shin,Divorce Attorney Shin: Limited Series,10390000,,,3
2023-04-16,TV (Non-English),5,Copycat Killer,Copycat Killer: Season 1,8220000,,,2
2023-04-16,TV (Non-English),6,Crash Course in Romance,Crash Course in Romance: Limited Series,6600000,,,11
2023-04-16,TV (Non-English),7,Who Were We Running From?,Who Were We Running From?: Limited Series,6560000,,,4
2023-04-16,TV (Non-English),8,"Pablo Escobar, el patrón del mal","Pablo Escobar, el patrón del mal: Season 1",6000000,,,3
2023-04-16,TV (Non-English),9,Alchemy of Souls,Alchemy of Souls: Part 1,5850000,,,20
2023-04-16,TV (Non-English),10,Chiquititas,,5670000,,,8
2023-04-23,TV (Non-English),1,The Marked Heart,The Marked Heart: Season 2,52310000,,,1
2023-04-23,TV (Non-English),2,Queenmaker,Queenmaker: Season 1,47180000,,,2
2023-04-23,TV (Non-English),3,The Marked Heart,The Marked Heart: Season 1,26750000,,,8
2023-04-23,TV (Non-English),4,Welcome to Eden,Welcome to Eden: Season 2,20620000,,,1
2023-04-23,TV (Non-English),5,Rough Diamonds,Rough Diamonds: Season 1,11600000,,,1
2023-04-23,TV (Non-English),6,The Glory,The Glory: Season 1,9160000,,,12
2023-04-23,TV (Non-English),7,Welcome to Eden,Welcome to Eden: Season 1,6350000,,,6
2023-04-23,TV (Non-English),8,"Pablo Escobar, el patrón del mal","Pablo Escobar, el patrón del mal: Season 1",6070000,,,4
2023-04-23,TV (Non-English),9,Alchemy of Souls,Alchemy of Souls: Part 1,5800000,,,21
2023-04-23,TV (Non-English),10,Chiquititas,,5770000,,,9
2023-04-30,TV (Non-English),1,The Marked Heart,The Marked Heart: Season 2,46310000,,,2
2023-04-30,TV (Non-English),2,Welcome to Eden,Welcome to Eden: Season 2,37540000,,,2
2023-04-30,TV (Non-English),3,Rough Diamonds,Rough Diamonds: Season 1,28690000,,,2
2023-04-30,TV (Non-English),4,The Nurse,The Nurse: Limited Series,28630000,,,1
2023-04-30,TV (Non-English),5,The Marked Heart,The Marked Heart: Season 1,28310000,,,9
2023-04-30,TV (Non-English),6,Queenmaker,Queenmaker: Season 1,23770000,,,3
2023-04-30,TV (Non-English),7,Welcome to Eden,Welcome to Eden: Season 1,15660000,,,7
2023-04-30,TV (Non-English),8,Doctor Cha,Doctor Cha: Limited Series,11280000,,,1
2023-04-30,TV (Non-English),9,The Glory,The Glory: Season 1,7680000,,,13
2023-04-30,TV (Non-English),10,Love After Music,Love After Music: Season 1,6800000,,,1
2023-05-07,TV (Non-English),1,The Tailor,The Tailor: Season 1,26140000,,,1
2023-05-07,TV (Non-English),2,The Marked Heart,The Marked Heart: Season 2,25680000,,,3
2023-05-07,TV (Non-English),3,The Nurse,The Nurse: Limited Series,21580000,,,2
2023-05-07,TV (Non-English),4,Welcome to Eden,Welcome to Eden: Season 2,17900000,,,3
2023-05-07,TV (Non-English),5,The Marked Heart,The Marked Heart: Season 1,15740000,,,10
2023-05-07,TV (Non-English),6,Doctor Cha,Doctor Cha: Limited Series,15680000,,,2
2023-05-07,TV (Non-English),7,Queenmaker,Queenmaker: Season 1,12660000,,,4
2023-05-07,TV (Non-English),8,Rough Diamonds,Rough Diamonds: Season 1,12060000,,,3
2023-05-07,TV (Non-English),9,The Good Bad Mother,The Good Bad Mother: Limited Series,9170000,,,1
2023-05-07,TV (Non-English),10,Sanctuary,Sanctuary: Season 1,9000000,,,1
2023-05-14,TV (Non-English),1,Black Knight,Black Knight: Season 1,31220000,,,1
2023-05-14,TV (Non-English),2,Doctor Cha,Doctor Cha: Limited Series,19780000,,,3
2023-05-14,TV (Non-English),3,The Tailor,The Tailor: Season 1,15820000,,,2
2023-05-14,TV (Non-English),4,The Marked Heart,The Marked Heart: Season 2,15070000,,,4
2023-05-14,TV (Non-English),5,The Good Bad Mother,The Good Bad Mother: Limited Series,12210000,,,2
2023-05-14,TV (Non-English),6,Sanctuary,Sanctuary: Season 1,11250000,,,2
2023-05-14,TV (Non-English),7,The Marked Heart,The Marked Heart: Season 1,10510000,,,11
2023-05-14,TV (Non-English),8,Welcome to Eden,Welcome to Eden: Season 2,9670000,,,4
2023-05-14,TV (Non-English),9,"Pablo Escobar, el patrón del mal","Pablo Escobar, el patrón del mal: Season 1",7650000,,,5
2023-05-14,TV (Non-English),10,The Nurse,The Nurse: Limited Series,6840000,,,3
2023-05-21,TV (Non-English),1,Black Knight,Black Knight: Season 1,35110000,,,2
2023-05-21,TV (Non-English),2,Muted,Muted: Limited Series,35100000,,,1
2023-05-21,TV (Non-English),3,Doctor Cha,Doctor Cha: Limited Series,23130000,,,4
2023-05-21,TV (Non-English),4,The Good Bad Mother,The Good Bad Mother: Limited Series,15370000,,,3
2023-05-21,TV (Non-English),5,The Marked Heart,The Marked Heart: Season 2,10910000,,,5
2023-05-21,TV (Non-English),6,The Tailor,The Tailor: Season 1,8940000,,,3
2023-05-21,TV (Non-English),7,La Reina del Sur,La Reina del Sur: Season 3,8910000,,,12
2023-05-21,TV (Non-English),8,The Marked Heart,The Marked Heart: Season 1,8630000,,,12
2023-05-21,TV (Non-English),9,"Pablo Escobar, el patrón del mal","Pablo Escobar, el patrón del mal: Season 1",7980000,,,6
2023-05-21,TV (Non-English),10,Welcome to Eden,Welcome to Eden: Season 2,6380000,,,5
2023-05-28,TV (Non-English),1,Muted,Muted: Limited Series,46520000,,,2
2023-05-28,TV (Non-English),2,Doctor Cha,Doctor Cha: Limited Series,26370000,,,5
2023-05-28,TV (Non-English),3,The Good Bad Mother,The Good Bad Mother: Limited Series,19630000,,,4
2023-05-28,TV (Non-English),4,La Reina del Sur,La Reina del Sur: Season 3,14130000,,,13
2023-05-28,TV (Non-English),5,Black Knight,Black Knight: Season 1,13070000,,,3
2023-05-28,TV (Non-English),6,"Pablo Escobar, el patrón del mal","Pablo Escobar, el patrón del mal: Season 1",8250000,,,7
2023-05-28,TV (Non-English),7,The Marked Heart,The Marked Heart: Season 2,7520000,,,6
2023-05-28,TV (Non-English),8,Rhythm + Flow France,Rhythm + Flow France: Season 2,6920000,,,1
2023-05-28,TV (Non-English),9,The Marked Heart,The Marked Heart: Season 1,5960000,,,13
2023-05-28,TV (Non-English),10,Chiquititas,,5280000,,,10
2023-06-04,TV (Non-English),1,Fake Profile,Fake Profile: Season 1,76310000,,,1
2023-06-04,TV (Non-English),2,Doctor Cha,Doctor Cha: Limited Series,29350000,,,6
2023-06-04,TV (Non-English),3,The Good Bad Mother,The Good Bad Mother: Limited Series,22810000,,,5
2023-06-04,TV (Non-English),4,Muted,Muted: Limited Series,18040000,,,3
2023-06-04,TV (Non-English),5,THE DAYS,THE DAYS: Limited Series,16980000,,,1
2023-06-04,TV (Non-English),6,La Reina del Sur,La Reina del Sur: Season 3,12400000,,,14
2023-06-04,TV (Non-English),7,Turn of the Tide,Turn of the Tide: Season 1,12050000,,,1
2023-06-04,TV (Non-English),8,Valeria,Valeria: Season 3,9540000,,,1
2023-06-04,TV (Non-English),9,"Pablo Escobar, el patrón del mal","Pablo Escobar, el patrón del mal: Season 1",7680000,,,8
2023-06-04,TV (Non-English),10,Agency,Agency: Limited Series,7100000,,,1
2023-06-11,TV (Non-English),1,Fake Profile,Fake Profile: Season 1,64730000,,,2
2023-06-11,TV (Non-English),2,Bloodhounds,Bloodhounds: Season 1,27970000,,,1
2023-06-11,TV (Non-English),3,The Good Bad Mother,The Good Bad Mother: Limited Series,26060000,,,6
2023-06-11,TV (Non-English),4,Doctor Cha,Doctor Cha: Limited Series,25320000,,,7
2023-06-11,TV (Non-English),5,THE DAYS,THE DAYS: Limited Series,25080000,,,2
2023-06-11,TV (Non-English),6,Valeria,Valeria: Season 3,16130000,,,2
2023-06-11,TV (Non-English),7,Agency,Agency: Limited Series,9600000,,,2
2023-06-11,TV (Non-English),8,La Reina del Sur,La Reina del Sur: Season 3,9000000,,,15
2023-06-11,TV (Non-English),9,Turn of the Tide,Turn of the Tide: Season 1,7840000,,,2
2023-06-11,TV (Non-English),10,Valeria,Valeria: Season 1,7690000,,,1
2023-06-18,TV (Non-English),1,Bloodhounds,Bloodhounds: Season 1,65900000,8.1333,8100000.0,2
2023-06-18,TV (Non-English),2,Fake Profile,Fake Profile: Season 1,35200000,6.3333,5600000.0,3
2023-06-18,TV (Non-English),3,The Surrogacy,The Surrogacy: Season 1,57100000,15.1667,3800000.0,1
2023-06-18,TV (Non-English),4,THE DAYS,THE DAYS: Limited Series,12200000,7.35,1700000.0,3
2023-06-18,TV (Non-English),5,Valeria,Valeria: Season 3,8800000,5.3667,1600000.0,3
2023-06-18,TV (Non-English),6,Love Is Blind: Brazil,Love Is Blind: Brazil: Season 3,11400000,7.0667,1600000.0,1
2023-06-18,TV (Non-English),7,King the Land,King the Land: Limited Series,2400000,0.0,1600000.0,1
2023-06-18,TV (Non-English),8,Tour de France: Unchained,Tour de France: Unchained: Season 1,8200000,5.5667,1500000.0,1
2023-06-18,TV (Non-English),9,The Playing Card Killer,The Playing Card Killer: Limited Series,3300000,2.5167,1300000.0,1
2023-06-18,TV (Non-English),10,The Good Bad Mother,The Good Bad Mother: Limited Series,17600000,0.0,1200000.0,7
2023-06-25,TV (Non-English),1,The Surrogacy,The Surrogacy: Season 1,80500000,15.1667,5300000.0,2
2023-06-25,TV (Non-English),2,King the Land,King the Land: Limited Series,17500000,0.0,4700000.0,2
2023-06-25,TV (Non-English),3,Bloodhounds,Bloodhounds: Season 1,37300000,8.1333,4600000.0,3
2023-06-25,TV (Non-English),4,Sleeping Dog,Sleeping Dog: Limited Series,22800000,5.2,4400000.0,1
2023-06-25,TV (Non-English),5,Fake Profile,Fake Profile: Season 1,20600000,6.3333,3300000.0,4
2023-06-25,TV (Non-English),6,See You in My 19th Life,See You in My 19th Life: Limited Series,7600000,4.05,1900000.0,1
2023-06-25,TV (Non-English),7,Demon Slayer: Kimetsu no Yaiba,Demon Slayer: Kimetsu no Yaiba: Swordsmith Village Arc,7100000,0.0,1300000.0,1
2023-06-25,TV (Non-English),8,Lies Hidden in my Garden,Lies Hidden in my Garden: Limited Series,2200000,1.9333,1100000.0,1
2023-06-25,TV (Non-English),9,Valeria,Valeria: Season 3,5500000,5.3667,1000000.0,4
2023-06-25,TV (Non-English),10,Love Is Blind: Brazil,Love Is Blind: Brazil: Season 3,8900000,8.8333,1000000.0,2
2023-07-02,TV (Non-English),1,King the Land,King the Land: Limited Series,24500000,0.0,4000000.0,3
2023-07-02,TV (Non-English),2,Sleeping Dog,Sleeping Dog: Limited Series,19600000,5.2,3800000.0,2
2023-07-02,TV (Non-English),3,The Surrogacy,The Surrogacy: Season 1,47500000,15.1667,3100000.0,3
2023-07-02,TV (Non-English),4,Bloodhounds,Bloodhounds: Season 1,20900000,8.1333,2600000.0,4
2023-07-02,TV (Non-English),5,See You in My 19th Life,See You in My 19th Life: Limited Series,13900000,6.0833,2300000.0,2
2023-07-02,TV (Non-English),6,Fake Profile,Fake Profile: Season 1,13300000,6.3333,2100000.0,5
2023-07-02,TV (Non-English),7,DELETE,DELETE: Season 1,12200000,6.2333,2000000.0,1
2023-07-02,TV (Non-English),8,Celebrity,Celebrity: Limited Series,16900000,8.9833,1900000.0,1
2023-07-02,TV (Non-English),9,Lies Hidden in my Garden,Lies Hidden in my Garden: Limited Series,4300000,4.0667,1100000.0,2
2023-07-02,TV (Non-English),10,Let's Get Divorced,Let's Get Divorced: Season 1,8500000,9.3667,900000.0,1
2023-07-09,TV (Non-English),1,Celebrity,Celebrity: Limited Series,49900000,8.9833,5600000.0,2
2023-07-09,TV (Non-English),2,King the Land,King the Land: Limited Series,30800000,0.0,3600000.0,4
2023-07-09,TV (Non-English),3,The Surrogacy,The Surrogacy: Season 1,33200000,15.1667,2200000.0,4
2023-07-09,TV (Non-English),4,See You in My 19th Life,See You in My 19th Life: Limited Series,16600000,8.1333,2000000.0,3
2023-07-09,TV (Non-English),5,Back to 15,Back to 15: Season 2,7900000,3.9,2000000.0,1
2023-07-09,TV (Non-English),6,Bloodhounds,Bloodhounds: Season 1,12800000,8.1333,1600000.0,5
2023-07-09,TV (Non-English),7,Fake Profile,Fake Profile: Season 1,9500000,6.3333,1500000.0,6
2023-07-09,TV (Non-English),8,Doom at Your Service,Doom at Your Service: Limited Series,25000000,17.1,1500000.0,1
2023-07-09,TV (Non-English),9,Sleeping Dog,Sleeping Dog: Limited Series,7200000,5.2,1400000.0,3
2023-07-09,TV (Non-English),10,DELETE,DELETE: Season 1,7200000,6.2333,1200000.0,2
2023-07-16,TV (Non-English),1,King the Land,King the Land: Limited Series,51800000,0.0,4600000.0,5
2023-07-16,TV (Non-English),2,Celebrity,Celebrity: Limited Series,30000000,8.9833,3300000.0,3
2023-07-16,TV (Non-English),3,Record of Ragnarok,Record of Ragnarok: Season 2,18600000,0.0,3000000.0,3
2023-07-16,TV (Non-English),4,Burn the House Down,Burn the House Down: Season 1,16800000,6.45,2600000.0,1
2023-07-16,TV (Non-English),5,Jujutsu Kaisen,Jujutsu Kaisen: Season 2,1900000,0.8,2400000.0,1
2023-07-16,TV (Non-English),6,My Happy Marriage,My Happy Marriage: Season 1,1600000,0.8167,2000000.0,1
2023-07-16,TV (Non-English),7,The Surrogacy,The Surrogacy: Season 1,26000000,15.1667,1700000.0,5
2023-07-16,TV (Non-English),8,See You in My 19th Life,See You in My 19th Life: Limited Series,17600000,10.2667,1700000.0,4
2023-07-16,TV (Non-English),9,Zom 100: Bucket List of the Dead,Zom 100: Bucket List of the Dead: Season 1,1300000,0.8,1600000.0,1
2023-07-16,TV (Non-English),10,Back to 15,Back to 15: Season 2,5400000,3.9,1400000.0,2
2023-07-23,TV (Non-English),1,King the Land,King the Land: Limited Series,65100000,0.0,4700000.0,6
2023-07-23,TV (Non-English),2,Burn the House Down,Burn the House Down: Season 1,22500000,6.45,3500000.0,2
2023-07-23,TV (Non-English),3,Kohrra,Kohrra: Season 1,11500000,4.8333,2400000.0,1
2023-07-23,TV (Non-English),4,My Happy Marriage,My Happy Marriage: Season 1,2600000,1.2167,2100000.0,2
2023-07-23,TV (Non-English),5,Jujutsu Kaisen,Jujutsu Kaisen: Season 2,2200000,1.2,1800000.0,2
2023-07-23,TV (Non-English),6,Celebrity,Celebrity: Limited Series,16400000,8.9833,1800000.0,4
2023-07-23,TV (Non-English),7,Zom 100: Bucket List of the Dead,Zom 100: Bucket List of the Dead: Season 1,1900000,1.2,1600000.0,2
2023-07-23,TV (Non-English),8,See You in My 19th Life,See You in My 19th Life: Limited Series,18900000,12.3,1500000.0,5
2023-07-23,TV (Non-English),9,Record of Ragnarok,Record of Ragnarok: Season 2,9600000,6.2667,1500000.0,4
2023-07-23,TV (Non-English),10,The Surrogacy,The Surrogacy: Season 1,20800000,15.1667,1400000.0,6
2023-07-30,TV (Non-English),1,Sintonia,Sintonia: Season 4,42200000,6.5667,6400000.0,1
2023-07-30,TV (Non-English),2,Baki Hanma,Baki Hanma: Season 2,33000000,5.5333,6000000.0,1
2023-07-30,TV (Non-English),3,King the Land,King the Land: Limited Series,64500000,0.0,4000000.0,7
2023-07-30,TV (Non-English),4,A Perfect Story,A Perfect Story: Limited Series,11600000,3.6667,3200000.0,1
2023-07-30,TV (Non-English),5,D.P.,D.P.: Season 2,15000000,5.3167,2800000.0,1
2023-07-30,TV (Non-English),6,My Happy Marriage,My Happy Marriage: Season 1,4300000,1.6167,2700000.0,3
2023-07-30,TV (Non-English),7,The Tailor,The Tailor: Season 2,13700000,5.3833,2500000.0,1
2023-07-30,TV (Non-English),8,Burn the House Down,Burn the House Down: Season 1,12800000,6.45,2000000.0,3
2023-07-30,TV (Non-English),9,Zom 100: Bucket List of the Dead,Zom 100: Bucket List of the Dead: Season 1,2100000,1.2,1800000.0,3
2023-07-30,TV (Non-English),10,Jujutsu Kaisen,Jujutsu Kaisen: Season 2,2600000,1.6,1600000.0,3
2023-08-06,TV (Non-English),1,A Perfect Story,A Perfect Story: Limited Series,24900000,3.6667,6800000.0,2
2023-08-06,TV (Non-English),2,The Tailor,The Tailor: Season 2,23000000,5.3833,4300000.0,2
2023-08-06,TV (Non-English),3,King the Land,King the Land: Limited Series,66400000,0.0,3600000.0,8
2023-08-06,TV (Non-English),4,Baki Hanma,Baki Hanma: Season 2,19100000,5.5333,3500000.0,2
2023-08-06,TV (Non-English),5,D.P.,D.P.: Season 2,15400000,5.3167,2900000.0,2
2023-08-06,TV (Non-English),6,My Happy Marriage,My Happy Marriage: Season 1,4900000,2.0167,2400000.0,4
2023-08-06,TV (Non-English),7,The Uncanny Counter,The Uncanny Counter: Season 2: Counter Punch,10400000,4.8,2200000.0,1
2023-08-06,TV (Non-English),8,The Tailor,The Tailor: Season 1,9700000,4.75,2000000.0,4
2023-08-06,TV (Non-English),9,Sintonia,Sintonia: Season 4,11500000,6.5667,1800000.0,2
2023-08-06,TV (Non-English),10,Zom 100: Bucket List of the Dead,Zom 100: Bucket List of the Dead: Season 1,2500000,1.6167,1500000.0,4
2023-08-13,TV (Non-English),1,A Perfect Story,A Perfect Story: Limited Series,17100000,3.6667,4700000.0,3
2023-08-13,TV (Non-English),2,King the Land,King the Land: Limited Series,60600000,19.0,3200000.0,9
2023-08-13,TV (Non-English),3,My Happy Marriage,My Happy Marriage: Season 1,5500000,2.4333,2300000.0,5
2023-08-13,TV (Non-English),4,The Tailor,The Tailor: Season 2,11400000,5.3833,2100000.0,3
2023-08-13,TV (Non-English),5,Zombieverse,Zombieverse: Season 1,14300000,7.3833,1900000.0,1
2023-08-13,TV (Non-English),6,The Uncanny Counter,The Uncanny Counter: Season 2: Counter Punch,11800000,6.9667,1700000.0,2
2023-08-13,TV (Non-English),7,Baki Hanma,Baki Hanma: Season 2,8500000,5.5333,1500000.0,3
2023-08-13,TV (Non-English),8,The Last Hours of Mario Biondo,The Last Hours of Mario Biondo: Limited Series,3300000,2.15,1500000.0,1
2023-08-13,TV (Non-English),9,The Tailor,The Tailor: Season 1,5700000,4.75,1200000.0,5
2023-08-13,TV (Non-English),10,D.P.,D.P.: Season 2,6100000,5.3167,1100000.0,3
2023-08-20,TV (Non-English),1,The Chosen One,The Chosen One: Season 1,13200000,4.3167,3100000.0,1
2023-08-20,TV (Non-English),2,Mask Girl,Mask Girl: Limited Series,19200000,6.8833,2800000.0,1
2023-08-20,TV (Non-English),3,A Perfect Story,A Perfect Story: Limited Series,9900000,3.6667,2700000.0,4
2023-08-20,TV (Non-English),4,Behind Your Touch,Behind Your Touch: Limited Series,9300000,0.0,2500000.0,1
2023-08-20,TV (Non-English),5,King the Land,King the Land: Limited Series,38400000,19.0,2000000.0,10
2023-08-20,TV (Non-English),6,My Happy Marriage,My Happy Marriage: Season 1,5600000,2.8333,2000000.0,6
2023-08-20,TV (Non-English),7,The Uncanny Counter,The Uncanny Counter: Season 2: Counter Punch,12600000,9.3,1400000.0,3
2023-08-20,TV (Non-English),8,Guns & Gulaabs,Guns & Gulaabs: Season 1,8100000,6.1833,1300000.0,1
2023-08-20,TV (Non-English),9,The Tailor,The Tailor: Season 2,6800000,5.3833,1300000.0,4
2023-08-20,TV (Non-English),10,Baki Hanma,Baki Hanma: Season 2,5400000,5.5333,1000000.0,4
2023-08-27,TV (Non-English),1,Mask Girl,Mask Girl: Limited Series,50800000,6.8833,7400000.0,2
2023-08-27,TV (Non-English),2,Ragnarok,Ragnarok: Season 3,28800000,4.4,6500000.0,1
2023-08-27,TV (Non-English),3,The Chosen One,The Chosen One: Season 1,17200000,4.3167,4000000.0,2
2023-08-27,TV (Non-English),4,Destined with You,Destined with You: Limited Series,8100000,2.2833,3500000.0,1
2023-08-27,TV (Non-English),5,Baki Hanma,Baki Hanma: Season 2,27700000,11.5,2400000.0,5
2023-08-27,TV (Non-English),6,Ragnarok,Ragnarok: Season 1,10000000,4.4833,2200000.0,1
2023-08-27,TV (Non-English),7,Guns & Gulaabs,Guns & Gulaabs: Season 1,13300000,6.1833,2200000.0,2
2023-08-27,TV (Non-English),8,Ragnarok,Ragnarok: Season 2,8800000,4.9667,1800000.0,1
2023-08-27,TV (Non-English),9,Behind Your Touch,Behind Your Touch: Limited Series,9900000,0.0,1700000.0,2
2023-08-27,TV (Non-English),10,A Perfect Story,A Perfect Story: Limited Series,6000000,3.6667,1600000.0,5
2023-09-03,TV (Non-English),1,Ragnarok,Ragnarok: Season 3,27900000,4.4,6300000.0,2
2023-09-03,TV (Non-English),2,Mask Girl,Mask Girl: Limited Series,23900000,6.8833,3500000.0,3
2023-09-03,TV (Non-English),3,Destined with You,Destined with You: Limited Series,13200000,4.5333,2900000.0,2
2023-09-03,TV (Non-English),4,Ragnarok,Ragnarok: Season 2,13200000,4.9667,2700000.0,2
2023-09-03,TV (Non-English),5,Ragnarok,Ragnarok: Season 1,11600000,4.4833,2600000.0,2
2023-09-03,TV (Non-English),6,Baki Hanma,Baki Hanma: Season 2,23100000,11.5,2000000.0,6
2023-09-03,TV (Non-English),7,Behind Your Touch,Behind Your Touch: Limited Series,11100000,0.0,1400000.0,3
2023-09-03,TV (Non-English),8,King the Land,King the Land: Limited Series,24900000,19.0,1300000.0,11
2023-09-03,TV (Non-English),9,The Uncanny Counter,The Uncanny Counter: Season 2: Counter Punch,15200000,0.0,1300000.0,4
2023-09-03,TV (Non-English),10,My Happy Marriage,My Happy Marriage: Season 1,4500000,3.6333,1200000.0,7
2023-09-10,TV (Non-English),1,Dear Child,Dear Child: Limited Series,49100000,4.8167,10200000.0,1
2023-09-10,TV (Non-English),2,Burning Body,Burning Body: Limited Series,26600000,6.5667,4100000.0,1
2023-09-10,TV (Non-English),3,Ragnarok,Ragnarok: Season 3,13500000,4.4,3100000.0,3
2023-09-10,TV (Non-English),4,Destined with You,Destined with You: Limited Series,16000000,6.75,2400000.0,3
2023-09-10,TV (Non-English),5,Mask Girl,Mask Girl: Limited Series,11700000,6.8833,1700000.0,4
2023-09-10,TV (Non-English),6,Ragnarok,Ragnarok: Season 2,7400000,4.9667,1500000.0,3
2023-09-10,TV (Non-English),7,A Time Called You,A Time Called You: Limited Series,17600000,12.1833,1400000.0,1
2023-09-10,TV (Non-English),8,6ixtynin9 The Series,6ixtynin9 The Series: Limited Series,6500000,4.6833,1400000.0,1
2023-09-10,TV (Non-English),9,Ragnarok,Ragnarok: Season 1,6100000,4.4833,1400000.0,3
2023-09-10,TV (Non-English),10,Miss Adrenaline: A Tale of Twins,Miss Adrenaline: A Tale of Twins: Season 1,24100000,20.3,1200000.0,1
2023-09-17,TV (Non-English),1,Dear Child,Dear Child: Limited Series,74000000,4.8167,15400000.0,2
2023-09-17,TV (Non-English),2,Burning Body,Burning Body: Limited Series,43900000,6.5667,6700000.0,2
2023-09-17,TV (Non-English),3,Thursday's Widows,Thursday's Widows: Limited Series,15700000,4.4667,3500000.0,1
2023-09-17,TV (Non-English),4,A Time Called You,A Time Called You: Limited Series,36500000,12.1833,3000000.0,2
2023-09-17,TV (Non-English),5,Destined with You,Destined with You: Limited Series,18200000,8.9167,2000000.0,4
2023-09-17,TV (Non-English),6,Ragnarok,Ragnarok: Season 3,8100000,4.4,1800000.0,4
2023-09-17,TV (Non-English),7,Gangs of Oslo,Gangs of Oslo: Season 1,7700000,4.8333,1600000.0,1
2023-09-17,TV (Non-English),8,Class Act,Class Act: Limited Series,8900000,6.3167,1400000.0,1
2023-09-17,TV (Non-English),9,Infamy,Infamy: Season 1,7800000,6.35,1200000.0,1
2023-09-17,TV (Non-English),10,Reporting for Duty,Reporting for Duty: Season 1,4400000,3.7833,1200000.0,1
2023-09-24,TV (Non-English),1,Dear Child,Dear Child: Limited Series,50200000,4.8167,10400000.0,3
2023-09-24,TV (Non-English),2,Burning Body,Burning Body: Limited Series,24500000,6.5667,3700000.0,3
2023-09-24,TV (Non-English),3,Thursday's Widows,Thursday's Widows: Limited Series,16400000,4.4667,3700000.0,2
2023-09-24,TV (Non-English),4,KENGAN ASHURA,KENGAN ASHURA: Season 2,11700000,5.0667,2300000.0,1
2023-09-24,TV (Non-English),5,Destined with You,Destined with You: Limited Series,18900000,10.95,1700000.0,5
2023-09-24,TV (Non-English),6,Song of the Bandits,Song of the Bandits: Season 1,14900000,8.6333,1700000.0,1
2023-09-24,TV (Non-English),7,A Time Called You,A Time Called You: Limited Series,19700000,12.1833,1600000.0,3
2023-09-24,TV (Non-English),8,Class Act,Class Act: Limited Series,9300000,6.3167,1500000.0,2
2023-09-24,TV (Non-English),9,Ragnarok,Ragnarok: Season 3,5100000,4.4,1200000.0,5
2023-09-24,TV (Non-English),10,Infamy,Infamy: Season 1,7000000,6.35,1100000.0,2
2023-10-01,TV (Non-English),1,Dear Child,Dear Child: Limited Series,25600000,4.8167,5300000.0,4
2023-10-01,TV (Non-English),2,Song of the Bandits,Song of the Bandits: Season 1,22700000,8.6333,2600000.0,2
2023-10-01,TV (Non-English),3,The Devil's Plan,The Devil's Plan: Season 1,10000000,4.4333,2300000.0,1
2023-10-01,TV (Non-English),4,Burning Body,Burning Body: Limited Series,14300000,6.5667,2200000.0,4
2023-10-01,TV (Non-English),5,KENGAN ASHURA,KENGAN ASHURA: Season 2,9700000,5.0667,1900000.0,2
2023-10-01,TV (Non-English),6,Thursday's Widows,Thursday's Widows: Limited Series,8100000,4.4667,1800000.0,3
2023-10-01,TV (Non-English),7,Destined with You,Destined with You: Limited Series,20200000,13.05,1500000.0,6
2023-10-01,TV (Non-English),8,A Time Called You,A Time Called You: Limited Series,11900000,12.1833,1000000.0,4
2023-10-01,TV (Non-English),9,Behind Your Touch,Behind Your Touch: Limited Series,15700000,0.0,900000.0,4
2023-10-01,TV (Non-English),10,Class Act,Class Act: Limited Series,5200000,6.3167,800000.0,3
2023-10-08,TV (Non-English),1,Lupin,Lupin: Part 3,63900000,5.5167,11600000.0,1
2023-10-08,TV (Non-English),2,Lupin,Lupin: Part 1,13900000,3.9833,3500000.0,1
2023-10-08,TV (Non-English),3,Dear Child,Dear Child: Limited Series,14500000,4.8167,3000000.0,5
2023-10-08,TV (Non-English),4,Lupin,Lupin: Part 2,10200000,3.7833,2700000.0,5
2023-10-08,TV (Non-English),5,Strong Girl Nam-soon,Strong Girl Nam-soon: Limited Series,2500000,0.0,1600000.0,1
2023-10-08,TV (Non-English),6,The Devil's Plan,The Devil's Plan: Season 1,14700000,9.7833,1500000.0,2
2023-10-08,TV (Non-English),7,Destined with You,Destined with You: Limited Series,22500000,15.2,1500000.0,7
2023-10-08,TV (Non-English),8,Burning Body,Burning Body: Limited Series,8700000,6.5667,1300000.0,5
2023-10-08,TV (Non-English),9,Song of the Bandits,Song of the Bandits: Season 1,8600000,8.6333,1000000.0,3
2023-10-08,TV (Non-English),10,Thursday's Widows,Thursday's Widows: Limited Series,4400000,4.4667,1000000.0,4
2023-10-15,TV (Non-English),1,Lupin,Lupin: Part 3,77900000,5.5167,14100000.0,2
2023-10-15,TV (Non-English),2,Lupin,Lupin: Part 1,18700000,3.9833,4700000.0,2
2023-10-15,TV (Non-English),3,Strong Girl Nam-soon,Strong Girl Nam-soon: Limited Series,15800000,0.0,4400000.0,2
2023-10-15,TV (Non-English),4,Lupin,Lupin: Part 2,16100000,3.7833,4300000.0,6
2023-10-15,TV (Non-English),5,Pact of Silence,Pact of Silence: Season 1,43300000,12.0333,3600000.0,1
2023-10-15,TV (Non-English),6,Stranded with my Mother-in-Law,Stranded with my Mother-in-Law: Season 1,6400000,3.5333,1800000.0,1
2023-10-15,TV (Non-English),7,Dear Child,Dear Child: Limited Series,8400000,4.8167,1700000.0,6
2023-10-15,TV (Non-English),8,Destined with You,Destined with You: Limited Series,28900000,17.3,1700000.0,8
2023-10-15,TV (Non-English),9,SPY x FAMILY,SPY x FAMILY: Season 2,1200000,0.7833,1500000.0,1
2023-10-15,TV (Non-English),10,DI4RIES,DI4RIES: Season 2,4800000,3.5833,1300000.0,1
2023-10-22,TV (Non-English),1,Lupin,Lupin: Part 3,42700000,5.5167,7700000.0,3
2023-10-22,TV (Non-English),2,Pact of Silence,Pact of Silence: Season 1,68800000,12.0333,5700000.0,2
2023-10-22,TV (Non-English),3,Strong Girl Nam-soon,Strong Girl Nam-soon: Limited Series,20700000,0.0,3600000.0,3
2023-10-22,TV (Non-English),4,Lupin,Lupin: Part 1,12900000,3.9833,3200000.0,3
2023-10-22,TV (Non-English),5,Lupin,Lupin: Part 2,11500000,3.7833,3000000.0,7
2023-10-22,TV (Non-English),6,Elite,Elite: Season 7,21100000,7.0333,3000000.0,1
2023-10-22,TV (Non-English),7,Doona!,Doona!: Season 1,19800000,7.0,2800000.0,1
2023-10-22,TV (Non-English),8,Stranded with my Mother-in-Law,Stranded with my Mother-in-Law: Season 1,11500000,7.0333,1600000.0,2
2023-10-22,TV (Non-English),9,Kaala Paani,Kaala Paani: Season 1,11700000,7.25,1600000.0,1
2023-10-22,TV (Non-English),10,Creature,Creature: Limited Series,8500000,6.2167,1400000.0,1
2023-10-29,TV (Non-English),1,Elite,Elite: Season 7,37100000,7.0333,5300000.0,2
2023-10-29,TV (Non-English),2,Lupin,Lupin: Part 3,25800000,5.5167,4700000.0,4
2023-10-29,TV (Non-English),3,Doona!,Doona!: Season 1,31800000,7.0,4500000.0,2
2023-10-29,TV (Non-English),4,Pact of Silence,Pact of Silence: Season 1,45500000,12.0333,3800000.0,3
2023-10-29,TV (Non-English),5,Strong Girl Nam-soon,Strong Girl Nam-soon: Limited Series,21600000,0.0,2700000.0,4
2023-10-29,TV (Non-English),6,Lupin,Lupin: Part 1,8100000,3.9833,2000000.0,4
2023-10-29,TV (Non-English),7,Lupin,Lupin: Part 2,7400000,3.7833,2000000.0,8
2023-10-29,TV (Non-English),8,Creature,Creature: Limited Series,12100000,6.2167,1900000.0,2
2023-10-29,TV (Non-English),9,Kaala Paani,Kaala Paani: Season 1,11100000,7.25,1500000.0,2
2023-10-29,TV (Non-English),10,José Totoy 3,,900000,0.75,1200000.0,1
2023-11-05,TV (Non-English),1,Lupin,Lupin: Part 3,18100000,5.5167,3300000.0,5
2023-11-05,TV (Non-English),2,Pact of Silence,Pact of Silence: Season 1,33200000,12.0333,2800000.0,4
2023-11-05,TV (Non-English),3,Elite,Elite: Season 7,18000000,7.0333,2600000.0,3
2023-11-05,TV (Non-English),4,Strong Girl Nam-soon,Strong Girl Nam-soon: Limited Series,23100000,0.0,2300000.0,5
2023-11-05,TV (Non-English),5,Doona!,Doona!: Season 1,14400000,7.0,2100000.0,3
2023-11-05,TV (Non-English),6,The Tailor,The Tailor: Season 3,10300000,5.0833,2000000.0,1
2023-11-05,TV (Non-English),7,Onimusha,Onimusha: Season 1,6800000,3.7167,1800000.0,1
2023-11-05,TV (Non-English),8,Ferry: The Series,Ferry: The Series: The Series,10100000,6.1,1700000.0,1
2023-11-05,TV (Non-English),9,Castaway Diva,Castaway Diva: Limited Series,7700000,4.8333,1600000.0,1
2023-11-05,TV (Non-English),10,Lupin,Lupin: Part 1,5900000,3.9833,1500000.0,5
2023-11-12,TV (Non-English),1,The Tailor,The Tailor: Season 3,22400000,5.0833,4400000.0,2
2023-11-12,TV (Non-English),2,"The Billionaire, The Butler, and the Boyfriend","The Billionaire, The Butler, and the Boyfriend: Limited Series",9500000,2.5,3800000.0,1
2023-11-12,TV (Non-English),3,Ferry: The Series,Ferry: The Series: The Series,18700000,6.1,3100000.0,2
2023-11-12,TV (Non-English),4,Daily Dose of Sunshine,Daily Dose of Sunshine: Season 1,36400000,12.95,2800000.0,1
2023-11-12,TV (Non-English),5,Lupin,Lupin: Part 3,11100000,5.5167,2000000.0,6
2023-11-12,TV (Non-English),6,Castaway Diva,Castaway Diva: Limited Series,10700000,0.0,1900000.0,2
2023-11-12,TV (Non-English),7,Strong Girl Nam-soon,Strong Girl Nam-soon: Limited Series,22900000,0.0,1900000.0,6
2023-11-12,TV (Non-English),8,Pact of Silence,Pact of Silence: Season 1,22000000,12.0333,1800000.0,5
2023-11-12,TV (Non-English),9,Attack on Titan,Attack on Titan: The Final Season Part 3,4700000,0.0,1700000.0,1
2023-11-12,TV (Non-English),10,Cigarette Girl,Cigarette Girl: Season 1,8600000,5.4167,1600000.0,1
2023-11-19,TV (Non-English),1,Criminal Code,Criminal Code: Season 1,50800000,7.7667,6500000.0,1
2023-11-19,TV (Non-English),2,Suburræterna,Suburræterna: Limited Series,15400000,6.0333,2600000.0,1
2023-11-19,TV (Non-English),3,"The Billionaire, The Butler, and the Boyfriend","The Billionaire, The Butler, and the Boyfriend: Limited Series",5300000,2.5,2100000.0,2
2023-11-19,TV (Non-English),4,The Tailor,The Tailor: Season 3,10200000,5.0833,2000000.0,3
2023-11-19,TV (Non-English),5,Castaway Diva,Castaway Diva: Limited Series,15200000,0.0,2000000.0,3
2023-11-19,TV (Non-English),6,Daily Dose of Sunshine,Daily Dose of Sunshine: Season 1,23500000,12.95,1800000.0,2
2023-11-19,TV (Non-English),7,Strong Girl Nam-soon,Strong Girl Nam-soon: Limited Series,23700000,0.0,1600000.0,7
2023-11-19,TV (Non-English),8,The Railway Men - The Untold Story Of Bhopal 1984,The Railway Men - The Untold Story Of Bhopal 1984: Limited Series,6500000,3.9667,1600000.0,1
2023-11-19,TV (Non-English),9,Lupin,Lupin: Part 3,8500000,5.5167,1500000.0,7
2023-11-19,TV (Non-English),10,Cigarette Girl,Cigarette Girl: Season 1,8200000,5.4167,1500000.0,2
2023-11-26,TV (Non-English),1,A Nearly Normal Family,A Nearly Normal Family: Limited Series,29000000,4.5333,6400000.0,1
2023-11-26,TV (Non-English),2,Criminal Code,Criminal Code: Season 1,41000000,7.7667,5300000.0,2
2023-11-26,TV (Non-English),3,The Railway Men - The Untold Story Of Bhopal 1984,The Railway Men - The Untold Story Of Bhopal 1984: Limited Series,18100000,3.9667,4600000.0,2
2023-11-26,TV (Non-English),4,My Demon,My Demon: Limited Series,6700000,2.2,3000000.0,1
2023-11-26,TV (Non-English),5,Nothing to See Here,Nothing to See Here: Season 1,8100000,3.3833,2400000.0,1
2023-11-26,TV (Non-English),6,Squid Game,Squid Game: Season 1,13300000,8.3167,1600000.0,21
2023-11-26,TV (Non-English),7,Castaway Diva,Castaway Diva: Limited Series,16700000,0.0,1600000.0,4
2023-11-26,TV (Non-English),8,Strong Girl Nam-soon,Strong Girl Nam-soon: Limited Series,24500000,0.0,1500000.0,8
2023-11-26,TV (Non-English),9,Holy Family,Holy Family: Season 2,7300000,5.3833,1400000.0,1
2023-11-26,TV (Non-English),10,Suburræterna,Suburræterna: Limited Series,7400000,6.0333,1200000.0,2
2023-12-03,TV (Non-English),1,A Nearly Normal Family,A Nearly Normal Family: Limited Series,47700000,4.5333,10500000.0,2
2023-12-03,TV (Non-English),2,My Demon,My Demon: Limited Series,19700000,0.0,5400000.0,2
2023-12-03,TV (Non-English),3,Criminal Code,Criminal Code: Season 1,27100000,7.7667,3500000.0,3
2023-12-03,TV (Non-English),4,Sweet Home,Sweet Home: Season 2,23700000,9.5167,2500000.0,1
2023-12-03,TV (Non-English),5,The Railway Men - The Untold Story Of Bhopal 1984,The Railway Men - The Untold Story Of Bhopal 1984: Limited Series,8000000,3.9667,2000000.0,3
2023-12-03,TV (Non-English),6,Nothing to See Here,Nothing to See Here: Season 1,6500000,3.3833,1900000.0,2
2023-12-03,TV (Non-English),7,Squid Game,Squid Game: Season 1,12700000,8.3167,1500000.0,22
2023-12-03,TV (Non-English),8,Castaway Diva,Castaway Diva: Limited Series,18500000,0.0,1400000.0,5
2023-12-03,TV (Non-English),9,Replacing Chef Chico,Replacing Chef Chico: Season 1,6100000,4.5333,1300000.0,1
2023-12-03,TV (Non-English),10,Strong Girl Nam-soon,Strong Girl Nam-soon: Limited Series,19600000,16.95,1200000.0,9
2023-12-10,TV (Non-English),1,Blood Coast,Blood Coast: Season 1,29400000,5.2833,5600000.0,1
2023-12-10,TV (Non-English),2,A Nearly Normal Family,A Nearly Normal Family: Limited Series,24500000,4.5333,5400000.0,3
2023-12-10,TV (Non-English),3,My Demon,My Demon: Limited Series,28000000,0.0,4900000.0,3
2023-12-10,TV (Non-English),4,Sweet Home,Sweet Home: Season 2,37100000,9.5167,3900000.0,2
2023-12-10,TV (Non-English),5,Welcome to Samdal-ri,Welcome to Samdal-ri: Limited Series,8200000,0.0,2300000.0,1
2023-12-10,TV (Non-English),6,Criminal Code,Criminal Code: Season 1,15300000,7.7667,2000000.0,4
2023-12-10,TV (Non-English),7,Sweet Home,Sweet Home: Season 1,16600000,8.6,1900000.0,1
2023-12-10,TV (Non-English),8,Castaway Diva,Castaway Diva: Limited Series,16600000,0.0,1200000.0,6
2023-12-10,TV (Non-English),9,I Hate Christmas,I Hate Christmas: Season 2,3700000,3.3,1100000.0,1
2023-12-10,TV (Non-English),10,High Tides,High Tides: Season 1,6400000,5.7667,1100000.0,1
2023-12-17,TV (Non-English),1,Yu Yu Hakusho,Yu Yu Hakusho: Season 1,32100000,4.1833,7700000.0,1
2023-12-17,TV (Non-English),2,My Demon,My Demon: Limited Series,33600000,0.0,4200000.0,4
2023-12-17,TV (Non-English),3,Blood Coast,Blood Coast: Season 1,19900000,5.2833,3800000.0,2
2023-12-17,TV (Non-English),4,Single’s Inferno,Single’s Inferno: Season 3,11900000,3.3,3600000.0,1
2023-12-17,TV (Non-English),5,High Tides,High Tides: Season 1,19100000,5.7667,3300000.0,2
2023-12-17,TV (Non-English),6,True Beauty,True Beauty: Limited Series,63500000,20.0167,3200000.0,3
2023-12-17,TV (Non-English),7,A Nearly Normal Family,A Nearly Normal Family: Limited Series,12200000,4.5333,2700000.0,4
2023-12-17,TV (Non-English),8,If I Were Luísa Sonza,If I Were Luísa Sonza: Season 1,4000000,1.85,2200000.0,1
2023-12-17,TV (Non-English),9,Dubai Bling,Dubai Bling: Season 2,12600000,6.4833,1900000.0,1
2023-12-17,TV (Non-English),10,Welcome to Samdal-ri,Welcome to Samdal-ri: Limited Series,11000000,0.0,1900000.0,2
2023-12-24,TV (Non-English),1,Yu Yu Hakusho,Yu Yu Hakusho: Season 1,26100000,4.1833,6200000.0,2
2023-12-24,TV (Non-English),2,My Demon,My Demon: Limited Series,36100000,0.0,3600000.0,5
2023-12-24,TV (Non-English),3,Gyeongseong Creature,Gyeongseong Creature: Season 1,24000000,7.9833,3000000.0,1
2023-12-24,TV (Non-English),4,Single’s Inferno,Single’s Inferno: Season 3,18200000,6.2,2900000.0,2
2023-12-24,TV (Non-English),5,High Tides,High Tides: Season 1,14500000,5.7667,2500000.0,3
2023-12-24,TV (Non-English),6,The Golden Hour,The Golden Hour: Season 1,12200000,4.8833,2500000.0,1
2023-12-24,TV (Non-English),7,True Beauty,True Beauty: Limited Series,47100000,20.0167,2400000.0,4
2023-12-24,TV (Non-English),8,Dubai Bling,Dubai Bling: Season 2,12300000,6.4833,1900000.0,2
2023-12-24,TV (Non-English),9,Blood Coast,Blood Coast: Season 1,9800000,5.2833,1900000.0,3
2023-12-24,TV (Non-English),10,Love is Blind Brazil: After the Altar,,2500000,1.4333,1700000.0,1
2023-12-31,TV (Non-English),1,Berlin and the Jewels of Paris,Berlin and the Jewels of Paris: Limited Series,74300000,6.5667,11300000.0,1
2023-12-31,TV (Non-English),2,The Manny,The Manny: Season 1,47000000,5.75,8200000.0,1
2023-12-31,TV (Non-English),3,Gyeongseong Creature,Gyeongseong Creature: Season 1,48500000,7.9833,6100000.0,2
2023-12-31,TV (Non-English),4,My Demon,My Demon: Limited Series,27700000,0.0,2800000.0,6
2023-12-31,TV (Non-English),5,Yu Yu Hakusho,Yu Yu Hakusho: Season 1,11000000,4.1833,2600000.0,3
2023-12-31,TV (Non-English),6,Pokémon Concierge,Pokémon Concierge: Season 1,3100000,1.1833,2600000.0,1
2023-12-31,TV (Non-English),7,Single’s Inferno,Single’s Inferno: Season 3,19400000,8.9167,2200000.0,3
2023-12-31,TV (Non-English),8,The Golden Hour,The Golden Hour: Season 1,10300000,4.8833,2100000.0,2
2023-12-31,TV (Non-English),9,True Beauty,True Beauty: Limited Series,38600000,20.0167,1900000.0,5
2023-12-31,TV (Non-English),10,Welcome to Samdal-ri,Welcome to Samdal-ri: Limited Series,15300000,0.0,1600000.0,3
2024-01-07,TV (Non-English),1,Berlin and the Jewels of Paris,Berlin and the Jewels of Paris: Limited Series,146400000,6.5667,22300000.0,2
2024-01-07,TV (Non-English),2,The Manny,The Manny: Season 1,23300000,5.75,4100000.0,2
2024-01-07,TV (Non-English),3,Gyeongseong Creature,Gyeongseong Creature: Season 1,39300000,11.5333,3400000.0,3
2024-01-07,TV (Non-English),4,My Demon,My Demon: Limited Series,33800000,0.0,2800000.0,7
2024-01-07,TV (Non-English),5,Pokémon Concierge,Pokémon Concierge: Season 1,3100000,1.1833,2600000.0,2
2024-01-07,TV (Non-English),6,Welcome to Samdal-ri,Welcome to Samdal-ri: Limited Series,22500000,0.0,2200000.0,4
2024-01-07,TV (Non-English),7,Single’s Inferno,Single’s Inferno: Season 3,21500000,11.3333,1900000.0,4
2024-01-07,TV (Non-English),8,True Beauty,True Beauty: Limited Series,34600000,20.0167,1700000.0,6
2024-01-07,TV (Non-English),9,Yu Yu Hakusho,Yu Yu Hakusho: Season 1,6400000,4.1833,1500000.0,4
2024-01-07,TV (Non-English),10,Money Heist,Money Heist: Part 1,15200000,0.0,1500000.0,9
2024-01-14,TV (Non-English),1,Berlin and the Jewels of Paris,Berlin and the Jewels of Paris: Limited Series,57000000,6.5667,8700000.0,3
2024-01-14,TV (Non-English),2,Detective Forst,Detective Forst: Season 1,20500000,4.3,4800000.0,1
2024-01-14,TV (Non-English),3,My Demon,My Demon: Limited Series,39200000,0.0,2700000.0,8
2024-01-14,TV (Non-English),4,Gyeongseong Creature,Gyeongseong Creature: Season 1,29900000,11.5333,2600000.0,4
2024-01-14,TV (Non-English),5,The Manny,The Manny: Season 1,13600000,5.75,2400000.0,3
2024-01-14,TV (Non-English),6,Delicious in Dungeon,Delicious in Dungeon: Season 1,1900000,0.8833,2200000.0,1
2024-01-14,TV (Non-English),7,Single’s Inferno,Single’s Inferno: Season 3,24500000,13.95,1800000.0,5
2024-01-14,TV (Non-English),8,Welcome to Samdal-ri,Welcome to Samdal-ri: Limited Series,22800000,0.0,1700000.0,5
2024-01-14,TV (Non-English),9,True Beauty,True Beauty: Limited Series,26600000,20.0167,1300000.0,7
2024-01-14,TV (Non-English),10,Love is Blind: Sweden,Love is Blind: Sweden: Season 1,4700000,4.15,1100000.0,1
2024-01-21,TV (Non-English),1,Berlin and the Jewels of Paris,Berlin and the Jewels of Paris: Limited Series,32700000,6.5667,5000000.0,4
2024-01-21,TV (Non-English),2,Detective Forst,Detective Forst: Season 1,20100000,4.3,4700000.0,2
2024-01-21,TV (Non-English),3,My Demon,My Demon: Limited Series,44000000,0.0,2600000.0,9
2024-01-21,TV (Non-English),4,The Bequeathed,The Bequeathed: Limited Series,11800000,4.7333,2500000.0,1
2024-01-21,TV (Non-English),5,Kübra,Kübra: Season 1,13100000,5.8667,2200000.0,1
2024-01-21,TV (Non-English),6,Demon Slayer: Kimetsu no Yaiba,Demon Slayer: Kimetsu no Yaiba: Swordsmith Village Arc,9300000,5.2833,1800000.0,2
2024-01-21,TV (Non-English),7,Love is Blind: Sweden,Love is Blind: Sweden: Season 1,12600000,7.4333,1700000.0,2
2024-01-21,TV (Non-English),8,Welcome to Samdal-ri,Welcome to Samdal-ri: Limited Series,26200000,0.0,1700000.0,6
2024-01-21,TV (Non-English),9,The Manny,The Manny: Season 1,9400000,5.75,1600000.0,4
2024-01-21,TV (Non-English),10,Delicious in Dungeon,Delicious in Dungeon: Season 1,2000000,1.2833,1600000.0,2
2024-01-28,TV (Non-English),1,The Bequeathed,The Bequeathed: Limited Series,14500000,4.7333,3100000.0,2
2024-01-28,TV (Non-English),2,Berlin and the Jewels of Paris,Berlin and the Jewels of Paris: Limited Series,18600000,6.5667,2800000.0,5
2024-01-28,TV (Non-English),3,My Demon,My Demon: Limited Series,38600000,17.5833,2200000.0,10
2024-01-28,TV (Non-English),4,Kübra,Kübra: Season 1,10400000,5.8667,1800000.0,2
2024-01-28,TV (Non-English),5,Detective Forst,Detective Forst: Season 1,6800000,4.3,1600000.0,3
2024-01-28,TV (Non-English),6,Welcome to Samdal-ri,Welcome to Samdal-ri: Limited Series,26600000,0.0,1500000.0,7
2024-01-28,TV (Non-English),7,Captivating the King,Captivating the King: Limited Series,7300000,4.8,1500000.0,1
2024-01-28,TV (Non-English),8,Delicious in Dungeon,Delicious in Dungeon: Season 1,2500000,1.7167,1500000.0,3
2024-01-28,TV (Non-English),9,Doctor Slump,Doctor Slump: Limited Series,1900000,0.0,1400000.0,1
2024-01-28,TV (Non-English),10,Demon Slayer: Kimetsu no Yaiba,Demon Slayer: Kimetsu no Yaiba: Swordsmith Village Arc,7300000,5.2833,1400000.0,3
2024-02-04,TV (Non-English),1,Doctor Slump,Doctor Slump: Limited Series,10200000,0.0,2900000.0,2
2024-02-04,TV (Non-English),2,Baby Bandito,Baby Bandito: Season 1,10300000,5.1833,2000000.0,1
2024-02-04,TV (Non-English),3,The Seven Deadly Sins: Four Knights of the Apocalypse,The Seven Deadly Sins: Four Knights of the Apocalypse: Season 1,8900000,0.0,1900000.0,1
2024-02-04,TV (Non-English),4,Berlin and the Jewels of Paris,Berlin and the Jewels of Paris: Limited Series,11800000,6.5667,1800000.0,6
2024-02-04,TV (Non-English),5,Mighty Bheem's Playtime,Mighty Bheem's Playtime: Season 1,3900000,2.5167,1500000.0,1
2024-02-04,TV (Non-English),6,Captivating the King,Captivating the King: Limited Series,8400000,0.0,1400000.0,2
2024-02-04,TV (Non-English),7,My Demon,My Demon: Limited Series,23700000,17.5833,1300000.0,11
2024-02-04,TV (Non-English),8,Delicious in Dungeon,Delicious in Dungeon: Season 1,2700000,2.1333,1300000.0,4
2024-02-04,TV (Non-English),9,The Bequeathed,The Bequeathed: Limited Series,5800000,4.7333,1200000.0,3
2024-02-04,TV (Non-English),10,Welcome to Samdal-ri,Welcome to Samdal-ri: Limited Series,17600000,0.0,1000000.0,8
2024-02-11,TV (Non-English),1,Baby Bandito,Baby Bandito: Season 1,17000000,5.1833,3300000.0,2
2024-02-11,TV (Non-English),2,A Killer Paradox,A Killer Paradox: Season 1,21900000,7.1667,3100000.0,1
2024-02-11,TV (Non-English),3,Doctor Slump,Doctor Slump: Limited Series,12900000,0.0,2200000.0,3
2024-02-11,TV (Non-English),4,Raël: The Alien Prophet,Raël: The Alien Prophet: Limited Series,6200000,3.0333,2000000.0,1
2024-02-11,TV (Non-English),5,The Seven Deadly Sins: Four Knights of the Apocalypse,The Seven Deadly Sins: Four Knights of the Apocalypse: Season 1,8800000,0.0,1900000.0,2
2024-02-11,TV (Non-English),6,Captivating the King,Captivating the King: Limited Series,12600000,0.0,1400000.0,3
2024-02-11,TV (Non-English),7,Berlin and the Jewels of Paris,Berlin and the Jewels of Paris: Limited Series,7900000,6.5667,1200000.0,7
2024-02-11,TV (Non-English),8,Mighty Bheem's Playtime,Mighty Bheem's Playtime: Season 1,2800000,2.5167,1100000.0,2
2024-02-11,TV (Non-English),9,Delicious in Dungeon,Delicious in Dungeon: Season 1,2800000,2.55,1100000.0,5
2024-02-11,TV (Non-English),10,Alpha Males,Alpha Males: Season 2,5600000,5.95,900000.0,1
2024-02-18,TV (Non-English),1,A Killer Paradox,A Killer Paradox: Season 1,39500000,7.1667,5500000.0,2
2024-02-18,TV (Non-English),2,House of Ninjas,House of Ninjas: Season 1,29800000,7.1167,4200000.0,1
2024-02-18,TV (Non-English),3,"Good Morning, Verônica","Good Morning, Verônica: Season 3",10200000,2.8833,3500000.0,1
2024-02-18,TV (Non-English),4,Alpha Males,Alpha Males: Season 2,15300000,5.95,2600000.0,2
2024-02-18,TV (Non-English),5,AlRawabi School for Girls,AlRawabi School for Girls: Season 2,11500000,5.9,1900000.0,1
2024-02-18,TV (Non-English),6,Doctor Slump,Doctor Slump: Limited Series,14800000,0.0,1800000.0,4
2024-02-18,TV (Non-English),7,Baby Bandito,Baby Bandito: Season 1,9400000,5.1833,1800000.0,3
2024-02-18,TV (Non-English),8,Luz: The Light of the Heart,Luz: The Light of the Heart: Season 1,16300000,11.3833,1400000.0,1
2024-02-18,TV (Non-English),9,Raël: The Alien Prophet,Raël: The Alien Prophet: Limited Series,4000000,3.0333,1300000.0,2
2024-02-18,TV (Non-English),10,Captivating the King,Captivating the King: Limited Series,15800000,0.0,1300000.0,4
2024-02-25,TV (Non-English),1,House of Ninjas,House of Ninjas: Season 1,32200000,7.1167,4500000.0,2
2024-02-25,TV (Non-English),2,"Ready, Set, Love","Ready, Set, Love: Season 1",17500000,6.8333,2600000.0,1
2024-02-25,TV (Non-English),3,AlRawabi School for Girls,AlRawabi School for Girls: Season 2,14600000,5.9,2500000.0,2
2024-02-25,TV (Non-English),4,A Killer Paradox,A Killer Paradox: Season 1,15800000,7.1667,2200000.0,3
2024-02-25,TV (Non-English),5,"Good Morning, Verônica","Good Morning, Verônica: Season 3",5800000,2.8833,2000000.0,2
2024-02-25,TV (Non-English),6,Doctor Slump,Doctor Slump: Limited Series,16500000,0.0,2000000.0,5
2024-02-25,TV (Non-English),7,Alpha Males,Alpha Males: Season 2,9600000,5.95,1600000.0,3
2024-02-25,TV (Non-English),8,Wrong Side of the Tracks,Wrong Side of the Tracks: Season 3,15200000,9.8833,1500000.0,1
2024-02-25,TV (Non-English),9,Luz: The Light of the Heart,Luz: The Light of the Heart: Season 1,12900000,11.3833,1100000.0,2
2024-02-25,TV (Non-English),10,"Good Morning, Verônica","Good Morning, Verônica: Season 1",6400000,5.9333,1100000.0,3
2024-03-03,TV (Non-English),1,Wrong Side of the Tracks,Wrong Side of the Tracks: Season 3,40000000,9.8833,4000000.0,2
2024-03-03,TV (Non-English),2,Furies,Furies: Season 1:,16200000,6.0,2700000.0,1
2024-03-03,TV (Non-English),3,Doctor Slump,Doctor Slump: Limited Series,21900000,0.0,2500000.0,6
2024-03-03,TV (Non-English),4,House of Ninjas,House of Ninjas: Season 1,14800000,7.1167,2100000.0,3
2024-03-03,TV (Non-English),5,Wrong Side of the Tracks,Wrong Side of the Tracks: Season 1,15500000,9.6333,1600000.0,9
2024-03-03,TV (Non-English),6,"Ready, Set, Love","Ready, Set, Love: Season 1",10500000,6.8333,1500000.0,2
2024-03-03,TV (Non-English),7,Maamla Legal Hai,Maamla Legal Hai: Season 1,4800000,4.2,1100000.0,1
2024-03-03,TV (Non-English),8,A Killer Paradox,A Killer Paradox: Season 1,8100000,7.1667,1100000.0,4
2024-03-03,TV (Non-English),9,AlRawabi School for Girls,AlRawabi School for Girls: Season 2,6600000,5.9,1100000.0,3
2024-03-03,TV (Non-English),10,The Mire,The Mire: Millennium,5400000,5.2333,1000000.0,1
2024-03-10,TV (Non-English),1,Furies,Furies: Season 1:,47500000,6.0,7900000.0,2
2024-03-10,TV (Non-English),2,The Signal,The Signal: Limited Series,20500000,4.15,4900000.0,1
2024-03-10,TV (Non-English),3,Supersex,Supersex: Limited Series,19200000,5.9167,3200000.0,1
2024-03-10,TV (Non-English),4,Wrong Side of the Tracks,Wrong Side of the Tracks: Season 3,23100000,9.8833,2300000.0,3
2024-03-10,TV (Non-English),5,Doctor Slump,Doctor Slump: Limited Series,24200000,0.0,2200000.0,7
2024-03-10,TV (Non-English),6,Maamla Legal Hai,Maamla Legal Hai: Season 1,8500000,4.2,2000000.0,2
2024-03-10,TV (Non-English),7,Queen of Tears,Queen of Tears: Limited Series,3300000,2.75,1200000.0,1
2024-03-10,TV (Non-English),8,House of Ninjas,House of Ninjas: Season 1,7800000,7.1167,1100000.0,4
2024-03-10,TV (Non-English),9,Wrong Side of the Tracks,Wrong Side of the Tracks: Season 1,9500000,9.6333,1000000.0,10
2024-03-10,TV (Non-English),10,Wrong Side of the Tracks,Wrong Side of the Tracks: Season 2,9000000,9.65,900000.0,6
2024-03-17,TV (Non-English),1,The Signal,The Signal: Limited Series,28700000,4.15,6900000.0,2
2024-03-17,TV (Non-English),2,Bandidos,Bandidos: Season 1,27800000,5.3333,5200000.0,1
2024-03-17,TV (Non-English),3,Queen of Tears,Queen of Tears: Limited Series,19100000,5.6333,3400000.0,2
2024-03-17,TV (Non-English),4,Furies,Furies: Season 1:,20300000,6.0,3400000.0,3
2024-03-17,TV (Non-English),5,Young Royals,Young Royals: Season 3,11500000,3.95,2900000.0,1
2024-03-17,TV (Non-English),6,Iron Reign,Iron Reign: Season 1,20200000,8.3333,2400000.0,1
2024-03-17,TV (Non-English),7,Supersex,Supersex: Limited Series,14000000,5.9167,2400000.0,2
2024-03-17,TV (Non-English),8,Doctor Slump,Doctor Slump: Limited Series,26300000,0.0,1900000.0,8
2024-03-17,TV (Non-English),9,The Outreau Case: A French Nightmare,The Outreau Case: A French Nightmare: Limited Series,4400000,3.05,1400000.0,1
2024-03-17,TV (Non-English),10,Wrong Side of the Tracks,Wrong Side of the Tracks: Season 3,13800000,9.8833,1400000.0,4
2024-03-24,TV (Non-English),1,Physical: 100,Physical: 100: Season 2,25300000,4.1167,6100000.0,1
2024-03-24,TV (Non-English),2,Bandidos,Bandidos: Season 1,25700000,5.3333,4800000.0,2
2024-03-24,TV (Non-English),3,Iron Reign,Iron Reign: Season 1,37100000,8.3333,4500000.0,2
2024-03-24,TV (Non-English),4,Queen of Tears,Queen of Tears: Limited Series,30000000,0.0,4200000.0,3
2024-03-24,TV (Non-English),5,The Signal,The Signal: Limited Series,9400000,4.15,2300000.0,3
2024-03-24,TV (Non-English),6,The Outreau Case: A French Nightmare,The Outreau Case: A French Nightmare: Limited Series,5600000,3.05,1800000.0,2
2024-03-24,TV (Non-English),7,Furies,Furies: Season 1:,10800000,6.0,1800000.0,4
2024-03-24,TV (Non-English),8,Doctor Slump,Doctor Slump: Limited Series,25600000,0.0,1700000.0,9
2024-03-24,TV (Non-English),9,Young Royals,Young Royals: Season 3,7800000,4.9,1600000.0,2
2024-03-24,TV (Non-English),10,Chicken Nugget,Chicken Nugget: Limited Series,6600000,5.35,1200000.0,1
2024-03-31,TV (Non-English),1,Queen of Tears,Queen of Tears: Limited Series,41400000,0.0,4300000.0,4
2024-03-31,TV (Non-English),2,Physical: 100,Physical: 100: Season 2,30900000,7.3333,4200000.0,2
2024-03-31,TV (Non-English),3,The Great Indian Kapil Show,The Great Indian Kapil Show: Season 1,2400000,0.95,2500000.0,1
2024-03-31,TV (Non-English),4,Bandidos,Bandidos: Season 1,12000000,5.3333,2300000.0,3
2024-03-31,TV (Non-English),5,Iron Reign,Iron Reign: Season 1,15400000,8.3333,1800000.0,3
2024-03-31,TV (Non-English),6,SPY x FAMILY,SPY x FAMILY: Season 1,16700000,10.0833,1700000.0,1
2024-03-31,TV (Non-English),7,Between Lands,Between Lands: Season 1,14300000,8.6833,1600000.0,1
2024-03-31,TV (Non-English),8,Furies,Furies: Season 1:,9100000,6.0,1500000.0,5
2024-03-31,TV (Non-English),9,My Hero Academia,My Hero Academia: Season 1,7800000,0.0,1500000.0,1
2024-03-31,TV (Non-English),10,The Signal,The Signal: Limited Series,5600000,4.15,1300000.0,4
2024-04-07,TV (Non-English),1,Parasyte: The Grey,Parasyte: The Grey: Limited Series,31500000,5.0,6300000.0,1
2024-04-07,TV (Non-English),2,Queen of Tears,Queen of Tears: Limited Series,53700000,0.0,4300000.0,5
2024-04-07,TV (Non-English),3,Crooks,Crooks: Season 1,20100000,7.0667,2800000.0,1
2024-04-07,TV (Non-English),4,Physical: 100,Physical: 100: Season 2,27800000,10.3833,2700000.0,3
2024-04-07,TV (Non-English),5,The Great Indian Kapil Show,The Great Indian Kapil Show: Season 1,4600000,1.7667,2600000.0,2
2024-04-07,TV (Non-English),6,Between Lands,Between Lands: Season 1,20100000,8.6833,2300000.0,2
2024-04-07,TV (Non-English),7,Crime Scene Berlin: Nightlife Killer,Crime Scene Berlin: Nightlife Killer: Season 1,3200000,1.7833,1800000.0,1
2024-04-07,TV (Non-English),8,SPY x FAMILY,SPY x FAMILY: Season 1,12900000,10.0833,1300000.0,2
2024-04-07,TV (Non-English),9,Bandidos,Bandidos: Season 1,5700000,5.3333,1100000.0,4
2024-04-07,TV (Non-English),10,Furies,Furies: Season 1:,6300000,6.0,1100000.0,6
2024-04-14,TV (Non-English),1,Parasyte: The Grey,Parasyte: The Grey: Limited Series,49000000,5.0,9800000.0,2
2024-04-14,TV (Non-English),2,Crooks,Crooks: Season 1,35400000,7.0667,5000000.0,2
2024-04-14,TV (Non-English),3,Queen of Tears,Queen of Tears: Limited Series,64800000,0.0,4400000.0,6
2024-04-14,TV (Non-English),4,Anthracite,Anthracite: Secrets of the Sect,20700000,4.95,4200000.0,1
2024-04-14,TV (Non-English),5,The Hijacking of Flight 601,The Hijacking of Flight 601: Season 1,18100000,5.25,3400000.0,1
2024-04-14,TV (Non-English),6,Midsummer Night,Midsummer Night: Limited Series,6800000,2.55,2700000.0,1
2024-04-14,TV (Non-English),7,The Great Indian Kapil Show,The Great Indian Kapil Show: Season 1,4100000,2.4167,1700000.0,3
2024-04-14,TV (Non-English),8,As the Crow Flies,As the Crow Flies: Season 3,11000000,6.55,1700000.0,1
2024-04-14,TV (Non-English),9,Between Lands,Between Lands: Season 1,12900000,8.6833,1500000.0,3
2024-04-14,TV (Non-English),10,Crime Scene Berlin: Nightlife Killer,Crime Scene Berlin: Nightlife Killer: Season 1,2600000,1.7833,1500000.0,2
2024-04-21,TV (Non-English),1,Anthracite,Anthracite: Secrets of the Sect,25400000,4.95,5100000.0,2
2024-04-21,TV (Non-English),2,Midsummer Night,Midsummer Night: Limited Series,12700000,2.55,5000000.0,2
2024-04-21,TV (Non-English),3,Queen of Tears,Queen of Tears: Limited Series,75300000,0.0,4800000.0,7
2024-04-21,TV (Non-English),4,Parasyte: The Grey,Parasyte: The Grey: Limited Series,19500000,5.0,3900000.0,3
2024-04-21,TV (Non-English),5,The Hijacking of Flight 601,The Hijacking of Flight 601: Season 1,16700000,5.25,3200000.0,2
2024-04-21,TV (Non-English),6,Crooks,Crooks: Season 1,19700000,7.0667,2800000.0,3
2024-04-21,TV (Non-English),7,As the Crow Flies,As the Crow Flies: Season 3,11900000,6.55,1800000.0,2
2024-04-21,TV (Non-English),8,The Great Indian Kapil Show,The Great Indian Kapil Show: Season 1,3900000,3.25,1200000.0,4
2024-04-21,TV (Non-English),9,The Grimm Variations,The Grimm Variations: Season 1,4600000,4.2,1100000.0,1
2024-04-21,TV (Non-English),10,Don't Hate the Player,Don't Hate the Player: Season 1,3000000,2.8,1100000.0,1
2024-04-28,TV (Non-English),1,The Asunta Case,The Asunta Case: Limited Series,29400000,5.4167,5400000.0,1
2024-04-28,TV (Non-English),2,Queen of Tears,Queen of Tears: Limited Series,85600000,0.0,4100000.0,8
2024-04-28,TV (Non-English),3,Brigands: The Quest for Gold,Brigands: The Quest for Gold: Season 1,13700000,5.1,2700000.0,1
2024-04-28,TV (Non-English),4,Deliver Me,Deliver Me: Limited Series,9800000,3.75,2600000.0,1
2024-04-28,TV (Non-English),5,Anthracite,Anthracite: Secrets of the Sect,12100000,4.95,2400000.0,3
2024-04-28,TV (Non-English),6,Parasyte: The Grey,Parasyte: The Grey: Limited Series,9100000,5.0,1800000.0,4
2024-04-28,TV (Non-English),7,Crooks,Crooks: Season 1,12200000,7.0667,1700000.0,4
2024-04-28,TV (Non-English),8,Midsummer Night,Midsummer Night: Limited Series,4200000,2.55,1600000.0,3
2024-04-28,TV (Non-English),9,Goodbye Earth,Goodbye Earth: Limited Series,17700000,11.8,1500000.0,1
2024-04-28,TV (Non-English),10,The Hijacking of Flight 601,The Hijacking of Flight 601: Season 1,6700000,5.25,1300000.0,3
2024-05-05,TV (Non-English),1,The Asunta Case,The Asunta Case: Limited Series,64700000,5.4167,11900000.0,2
2024-05-05,TV (Non-English),2,Heeramandi: The Diamond Bazaar,Heeramandi: The Diamond Bazaar: Season 1,33000000,7.3167,4500000.0,1
2024-05-05,TV (Non-English),3,Queen of Tears,Queen of Tears: Limited Series,87500000,0.0,4100000.0,9
2024-05-05,TV (Non-English),4,Deliver Me,Deliver Me: Limited Series,8400000,3.75,2200000.0,2
2024-05-05,TV (Non-English),5,Goodbye Earth,Goodbye Earth: Limited Series,20200000,11.8,1700000.0,2
2024-05-05,TV (Non-English),6,Anthracite,Anthracite: Secrets of the Sect,7000000,4.95,1400000.0,4
2024-05-05,TV (Non-English),7,Fiasco,Fiasco: Limited Series,6000000,4.35,1400000.0,1
2024-05-05,TV (Non-English),8,Frankly Speaking,Frankly Speaking: Limited Series,2500000,2.05,1200000.0,1
2024-05-05,TV (Non-English),9,Brigands: The Quest for Gold,Brigands: The Quest for Gold: Season 1,5600000,5.1,1100000.0,2
2024-05-05,TV (Non-English),10,The Great Indian Kapil Show,The Great Indian Kapil Show: Season 1,5400000,5.2,1000000.0,5
2024-05-12,TV (Non-English),1,The Asunta Case,The Asunta Case: Limited Series,28600000,5.4167,5300000.0,3
2024-05-12,TV (Non-English),2,Heeramandi: The Diamond Bazaar,Heeramandi: The Diamond Bazaar: Season 1,29300000,7.3167,4000000.0,2
2024-05-12,TV (Non-English),3,"Thank You, Next","Thank You, Next: Season 1",21300000,5.8667,3600000.0,1
2024-05-12,TV (Non-English),4,Queen of Tears,Queen of Tears: Limited Series,58700000,23.3667,2500000.0,10
2024-05-12,TV (Non-English),5,Cooking Up Murder: Uncovering the Story of César Román,Cooking Up Murder: Uncovering the Story of César Román: Limited Series,5500000,2.4667,2200000.0,1
2024-05-12,TV (Non-English),6,The Atypical Family,The Atypical Family: Limited Series,7600000,0.0,2000000.0,1
2024-05-12,TV (Non-English),7,Larva in Mars,Larva in Mars: Larva In Mars,1200000,0.9667,1200000.0,1
2024-05-12,TV (Non-English),8,Super Rich in Korea,Super Rich in Korea: Season 1,3300000,2.9833,1100000.0,1
2024-05-12,TV (Non-English),9,Jujutsu Kaisen,Jujutsu Kaisen: Season 1,9200000,9.5,1000000.0,1
2024-05-12,TV (Non-English),10,Frankly Speaking,Frankly Speaking: Limited Series,3900000,4.1,1000000.0,2
2024-05-19,TV (Non-English),1,Demon Slayer: Kimetsu no Yaiba,Demon Slayer: Kimetsu no Yaiba: Hashira Training Arc,4400000,0.8167,5400000.0,1
2024-05-19,TV (Non-English),2,"Thank You, Next","Thank You, Next: Season 1",29900000,5.8667,5100000.0,2
2024-05-19,TV (Non-English),3,Cooking Up Murder: Uncovering the Story of César Román,Cooking Up Murder: Uncovering the Story of César Román: Limited Series,7100000,2.4667,2900000.0,2
2024-05-19,TV (Non-English),4,The Asunta Case,The Asunta Case: Limited Series,15300000,5.4167,2800000.0,4
2024-05-19,TV (Non-English),5,Heeramandi: The Diamond Bazaar,Heeramandi: The Diamond Bazaar: Season 1,17300000,7.3167,2400000.0,3
2024-05-19,TV (Non-English),6,Queen of Tears,Queen of Tears: Limited Series,43100000,23.3667,1800000.0,11
2024-05-19,TV (Non-English),7,The 8 Show,The 8 Show: Limited Series,11900000,6.9833,1700000.0,1
2024-05-19,TV (Non-English),8,The Atypical Family,The Atypical Family: Limited Series,9800000,0.0,1500000.0,2
2024-05-19,TV (Non-English),9,Kaiju No. 8,Kaiju No. 8: Season 1,1900000,2.3667,800000.0,1
2024-05-19,TV (Non-English),10,Dr.STONE,Dr.STONE: Season 2,3200000,4.4,700000.0,1
2024-05-26,TV (Non-English),1,The 8 Show,The 8 Show: Limited Series,33200000,6.9833,4800000.0,2
2024-05-26,TV (Non-English),2,Demon Slayer: Kimetsu no Yaiba,Demon Slayer: Kimetsu no Yaiba: Hashira Training Arc,3200000,1.2167,2600000.0,2
2024-05-26,TV (Non-English),3,"Thank You, Next","Thank You, Next: Season 1",14400000,5.8667,2500000.0,3
2024-05-26,TV (Non-English),4,Franco Escamilla: Ladies' man,,2300000,1.2167,1900000.0,1
2024-05-26,TV (Non-English),5,The Asunta Case,The Asunta Case: Limited Series,10200000,5.4167,1900000.0,5
2024-05-26,TV (Non-English),6,The Atypical Family,The Atypical Family: Limited Series,12200000,0.0,1600000.0,3
2024-05-26,TV (Non-English),7,Heeramandi: The Diamond Bazaar,Heeramandi: The Diamond Bazaar: Season 1,11300000,7.3167,1500000.0,4
2024-05-26,TV (Non-English),8,Queen of Tears,Queen of Tears: Limited Series,30700000,23.3667,1300000.0,12
2024-05-26,TV (Non-English),9,Garouden: The Way of the Lone Wolf,Garouden: The Way of the Lone Wolf: Season 1,4000000,3.45,1200000.0,1
2024-05-26,TV (Non-English),10,Maestro in Blue,Maestro in Blue: Season 2,6200000,6.5667,900000.0,1
2024-06-02,TV (Non-English),1,Raising Voices,Raising Voices: Limited Series,29200000,6.05,4800000.0,1
2024-06-02,TV (Non-English),2,The 8 Show,The 8 Show: Limited Series,19300000,6.9833,2800000.0,3
2024-06-02,TV (Non-English),3,Demon Slayer: Kimetsu no Yaiba,Demon Slayer: Kimetsu no Yaiba: Hashira Training Arc,3300000,0.0,2100000.0,3
2024-06-02,TV (Non-English),4,The Atypical Family,The Atypical Family: Limited Series,17400000,0.0,2100000.0,4
2024-06-02,TV (Non-English),5,"Thank You, Next","Thank You, Next: Season 1",9700000,5.8667,1700000.0,4
2024-06-02,TV (Non-English),6,Franco Escamilla: Ladies' man,,2000000,1.2167,1600000.0,2
2024-06-02,TV (Non-English),7,The Life You Wanted,The Life You Wanted: Limited Series,7500000,4.8667,1500000.0,1
2024-06-02,TV (Non-English),8,The Asunta Case,The Asunta Case: Limited Series,6500000,5.4167,1200000.0,6
2024-06-02,TV (Non-English),9,Garouden: The Way of the Lone Wolf,Garouden: The Way of the Lone Wolf: Season 1,4100000,3.45,1200000.0,2
2024-06-02,TV (Non-English),10,Queen of Tears,Queen of Tears: Limited Series,24600000,23.3667,1100000.0,13
2024-06-09,TV (Non-English),1,Raising Voices,Raising Voices: Limited Series,65100000,6.05,10800000.0,2
2024-06-09,TV (Non-English),2,Hierarchy,Hierarchy: Limited Series,26600000,7.6333,3500000.0,1
2024-06-09,TV (Non-English),3,The Atypical Family,The Atypical Family: Limited Series,19800000,0.0,1800000.0,5
2024-06-09,TV (Non-English),4,Demon Slayer: Kimetsu no Yaiba,Demon Slayer: Kimetsu no Yaiba: Hashira Training Arc,3400000,0.0,1700000.0,4
2024-06-09,TV (Non-English),5,How to Ruin Love,How to Ruin Love: The Proposal,4900000,3.15,1600000.0,1
2024-06-09,TV (Non-English),6,The 8 Show,The 8 Show: Limited Series,10300000,6.9833,1500000.0,4
2024-06-09,TV (Non-English),7,The Life You Wanted,The Life You Wanted: Limited Series,6400000,4.8667,1300000.0,2
2024-06-09,TV (Non-English),8,Hell's Paradise: Jigokuraku,Hell's Paradise: Jigokuraku: Season 1,4600000,5.3,900000.0,1
2024-06-09,TV (Non-English),9,Queen of Tears,Queen of Tears: Limited Series,19700000,23.3667,800000.0,14
2024-06-09,TV (Non-English),10,"Thank You, Next","Thank You, Next: Season 1",4900000,5.8667,800000.0,5
2024-06-16,TV (Non-English),1,Hierarchy,Hierarchy: Limited Series,48000000,7.6333,6300000.0,2
2024-06-16,TV (Non-English),2,Raising Voices,Raising Voices: Limited Series,30900000,6.05,5100000.0,3
2024-06-16,TV (Non-English),3,The Atypical Family,The Atypical Family: Limited Series,20300000,0.0,1700000.0,6
2024-06-16,TV (Non-English),4,Demon Slayer: Kimetsu no Yaiba,Demon Slayer: Kimetsu no Yaiba: Hashira Training Arc,3500000,0.0,1500000.0,5
2024-06-16,TV (Non-English),5,Tour de France: Unchained,Tour de France: Unchained: Season 2,6700000,5.8667,1100000.0,1
2024-06-16,TV (Non-English),6,The 8 Show,The 8 Show: Limited Series,6000000,6.9833,900000.0,5
2024-06-16,TV (Non-English),7,Joko Anwar's Nightmares and Daydreams,Joko Anwar's Nightmares and Daydreams: Season 1,4800000,6.0667,800000.0,1
2024-06-16,TV (Non-English),8,Queen of Tears,Queen of Tears: Limited Series,16400000,23.3667,700000.0,15
2024-06-16,TV (Non-English),9,Jujutsu Kaisen,Jujutsu Kaisen: Season 1,6500000,9.5,700000.0,2
2024-06-16,TV (Non-English),10,Kaiju No. 8,Kaiju No. 8: Season 1,2600000,3.95,700000.0,2
2024-06-23,TV (Non-English),1,Gangs of Galicia,Gangs of Galicia: Season 1,15400000,5.35,2900000.0,1
2024-06-23,TV (Non-English),2,Raising Voices,Raising Voices: Limited Series,17400000,6.05,2900000.0,4
2024-06-23,TV (Non-English),3,Hierarchy,Hierarchy: Limited Series,18900000,7.6333,2500000.0,3
2024-06-23,TV (Non-English),4,Joko Anwar's Nightmares and Daydreams,Joko Anwar's Nightmares and Daydreams: Season 1,12900000,6.0667,2100000.0,2
2024-06-23,TV (Non-English),5,Love Is Blind: Brazil,Love Is Blind: Brazil: Season 4,8100000,3.8667,2100000.0,1
2024-06-23,TV (Non-English),6,Miss Night and Day,Miss Night and Day: Limited Series,6400000,0.0,1800000.0,1
2024-06-23,TV (Non-English),7,Kota Factory,Kota Factory: Season 3,5500000,4.1167,1300000.0,1
2024-06-23,TV (Non-English),8,Demon Slayer: Kimetsu no Yaiba,Demon Slayer: Kimetsu no Yaiba: Hashira Training Arc,3600000,0.0,1300000.0,6
2024-06-23,TV (Non-English),9,The Atypical Family,The Atypical Family: Limited Series,14000000,0.0,1100000.0,7
2024-06-23,TV (Non-English),10,Tour de France: Unchained,Tour de France: Unchained: Season 2,5100000,5.8667,900000.0,2
2024-06-30,TV (Non-English),1,Gangs of Galicia,Gangs of Galicia: Season 1,32300000,5.35,6000000.0,2
2024-06-30,TV (Non-English),2,Love Is Blind: Brazil,Love Is Blind: Brazil: Season 4,15600000,7.8667,2000000.0,2
2024-06-30,TV (Non-English),3,Raising Voices,Raising Voices: Limited Series,11100000,6.05,1800000.0,5
2024-06-30,TV (Non-English),4,Miss Night and Day,Miss Night and Day: Limited Series,9800000,0.0,1700000.0,2
2024-06-30,TV (Non-English),5,Demon Slayer: Kimetsu no Yaiba,Demon Slayer: Kimetsu no Yaiba: Hashira Training Arc,4600000,0.0,1400000.0,7
2024-06-30,TV (Non-English),6,Hierarchy,Hierarchy: Limited Series,9900000,7.6333,1300000.0,4
2024-06-30,TV (Non-English),7,Dear Child,Dear Child: Limited Series,5600000,4.8167,1200000.0,7
2024-06-30,TV (Non-English),8,Kota Factory,Kota Factory: Season 3,4700000,4.1167,1100000.0,2
2024-06-30,TV (Non-English),9,Rising Impact,Rising Impact: Season 1,5500000,5.2667,1000000.0,1
2024-06-30,TV (Non-English),10,Kaulitz & Kaulitz,Kaulitz & Kaulitz: Season 1,5900000,6.2,1000000.0,1
2024-07-07,TV (Non-English),1,Gangs of Galicia,Gangs of Galicia: Season 1,13000000,5.35,2400000.0,3
2024-07-07,TV (Non-English),2,A Body that Works,A Body that Works: Season 1,15500000,7.2667,2100000.0,1
2024-07-07,TV (Non-English),3,Demon Slayer: Kimetsu no Yaiba,Demon Slayer: Kimetsu no Yaiba: Hashira Training Arc,8100000,0.0,2000000.0,8
2024-07-07,TV (Non-English),4,The Whirlwind,The Whirlwind: Limited Series,16200000,9.1833,1800000.0,1
2024-07-07,TV (Non-English),5,Desperate Lies,Desperate Lies: Season 1,23800000,13.55,1800000.0,1
2024-07-07,TV (Non-English),6,Òlòtūré: The Journey,Òlòtūré: The Journey: Season 1,3200000,1.8667,1700000.0,1
2024-07-07,TV (Non-English),7,Miss Night and Day,Miss Night and Day: Limited Series,13400000,0.0,1700000.0,3
2024-07-07,TV (Non-English),8,The Turkish Passion,The Turkish Passion: Season 1,7400000,5.1333,1400000.0,1
2024-07-07,TV (Non-English),9,Rhythm + Flow France,Rhythm + Flow France: Season 3,4300000,3.1,1400000.0,1
2024-07-07,TV (Non-English),10,Dear Child,Dear Child: Limited Series,6400000,4.8167,1300000.0,8
2024-07-14,TV (Non-English),1,Desperate Lies,Desperate Lies: Season 1,78500000,13.55,5800000.0,2
2024-07-14,TV (Non-English),2,Another Self,Another Self: Season 2,15000000,7.3167,2100000.0,1
2024-07-14,TV (Non-English),3,Miss Night and Day,Miss Night and Day: Limited Series,16400000,0.0,1900000.0,4
2024-07-14,TV (Non-English),4,Gangs of Galicia,Gangs of Galicia: Season 1,7800000,5.35,1500000.0,4
2024-07-14,TV (Non-English),5,Rhythm + Flow France,Rhythm + Flow France: Season 3,6400000,5.2,1200000.0,2
2024-07-14,TV (Non-English),6,A Body that Works,A Body that Works: Season 1,7700000,7.2667,1100000.0,2
2024-07-14,TV (Non-English),7,【OSHI NO KO】,【OSHI NO KO】: Season 2,800000,0.8167,1000000.0,1
2024-07-14,TV (Non-English),8,The Boyfriend,The Boyfriend: Season 1,2000000,2.25,900000.0,1
2024-07-14,TV (Non-English),9,The Rising of the Shield Hero,The Rising of the Shield Hero: Season 1,8900000,10.2667,900000.0,1
2024-07-14,TV (Non-English),10,Raising Voices,Raising Voices: Limited Series,5200000,6.05,900000.0,6
2024-07-21,TV (Non-English),1,Desperate Lies,Desperate Lies: Season 1,50900000,13.55,3800000.0,3
2024-07-21,TV (Non-English),2,Master of the House,Master of the House: Limited Series,22200000,5.9333,3700000.0,1
2024-07-21,TV (Non-English),3,Another Self,Another Self: Season 2,23000000,7.3167,3100000.0,2
2024-07-21,TV (Non-English),4,The Yara Gambirasio Case: Beyond Reasonable Doubt,The Yara Gambirasio Case: Beyond Reasonable Doubt: Limited Series,11000000,4.3,2600000.0,1
2024-07-21,TV (Non-English),5,Sweet Home,Sweet Home: Season 3,17500000,7.0833,2500000.0,1
2024-07-21,TV (Non-English),6,Miss Night and Day,Miss Night and Day: Limited Series,19900000,0.0,2100000.0,5
2024-07-21,TV (Non-English),7,Another Self,Another Self: Season 1,11400000,7.0333,1600000.0,7
2024-07-21,TV (Non-English),8,Gangs of Galicia,Gangs of Galicia: Season 1,5700000,5.35,1100000.0,5
2024-07-21,TV (Non-English),9,Eva Lasting,Eva Lasting: Season 2,7500000,8.15,900000.0,1
2024-07-21,TV (Non-English),10,Rhythm + Flow France,Rhythm + Flow France: Season 3,7000000,0.0,900000.0,3
2024-07-28,TV (Non-English),1,Master of the House,Master of the House: Limited Series,28800000,5.9333,4900000.0,2
2024-07-28,TV (Non-English),2,Sweet Home,Sweet Home: Season 3,19900000,7.0833,2800000.0,2
2024-07-28,TV (Non-English),3,Desperate Lies,Desperate Lies: Season 1,32600000,13.55,2400000.0,4
2024-07-28,TV (Non-English),4,Elite,Elite: Season 8,15300000,6.4333,2400000.0,1
2024-07-28,TV (Non-English),5,The Yara Gambirasio Case: Beyond Reasonable Doubt,The Yara Gambirasio Case: Beyond Reasonable Doubt: Limited Series,10000000,4.3,2300000.0,2
2024-07-28,TV (Non-English),6,Another Self,Another Self: Season 2,14700000,7.3167,2000000.0,3
2024-07-28,TV (Non-English),7,Miss Night and Day,Miss Night and Day: Limited Series,21400000,0.0,1900000.0,6
2024-07-28,TV (Non-English),8,Tokyo Swindlers,Tokyo Swindlers: Season 1,8300000,6.15,1300000.0,1
2024-07-28,TV (Non-English),9,Eve,,22100000,16.8667,1300000.0,1
2024-07-28,TV (Non-English),10,Tribhuvan Mishra CA Topper,Tribhuvan Mishra CA Topper: Season 1,10500000,8.5833,1200000.0,1
2024-08-04,TV (Non-English),1,Elite,Elite: Season 8,25400000,6.4333,3900000.0,2
2024-08-04,TV (Non-English),2,Master of the House,Master of the House: Limited Series,12300000,5.9333,2100000.0,3
2024-08-04,TV (Non-English),3,Tokyo Swindlers,Tokyo Swindlers: Season 1,11900000,6.15,1900000.0,2
2024-08-04,TV (Non-English),4,Miss Night and Day,Miss Night and Day: Limited Series,23400000,0.0,1800000.0,7
2024-08-04,TV (Non-English),5,Desperate Lies,Desperate Lies: Season 1,22500000,13.55,1700000.0,5
2024-08-04,TV (Non-English),6,Another Self,Another Self: Season 2,9600000,7.3167,1300000.0,4
2024-08-04,TV (Non-English),7,Sweet Home,Sweet Home: Season 3,8600000,7.0833,1200000.0,3
2024-08-04,TV (Non-English),8,Kleo,Kleo: Season 2,5100000,4.85,1100000.0,1
2024-08-04,TV (Non-English),9,The Yara Gambirasio Case: Beyond Reasonable Doubt,The Yara Gambirasio Case: Beyond Reasonable Doubt: Limited Series,3500000,4.3,800000.0,3
2024-08-04,TV (Non-English),10,Love is Blind: Mexico,Love is Blind: Mexico: Season 1,3200000,3.9333,800000.0,1
2024-08-11,TV (Non-English),1,Elite,Elite: Season 8,12500000,6.4333,1900000.0,3
2024-08-11,TV (Non-English),2,Miss Night and Day,Miss Night and Day: Limited Series,22300000,0.0,1500000.0,8
2024-08-11,TV (Non-English),3,Tokyo Swindlers,Tokyo Swindlers: Season 1,7800000,6.15,1300000.0,3
2024-08-11,TV (Non-English),4,The Influencer,The Influencer: Season 1,5500000,4.35,1300000.0,1
2024-08-11,TV (Non-English),5,Shahmaran,Shahmaran: Season 2,5600000,4.5167,1200000.0,1
2024-08-11,TV (Non-English),6,Romance in the House,Romance in the House: Limited Series,2100000,0.0,1200000.0,1
2024-08-11,TV (Non-English),7,Love is Blind: Mexico,Love is Blind: Mexico: Season 1,8800000,7.3167,1200000.0,2
2024-08-11,TV (Non-English),8,Desperate Lies,Desperate Lies: Season 1,16200000,13.55,1200000.0,6
2024-08-11,TV (Non-English),9,Rising Impact,Rising Impact: Season 2,6500000,5.7333,1100000.0,1
2024-08-11,TV (Non-English),10,Another Self,Another Self: Season 2,6800000,7.3167,900000.0,5
2024-08-18,TV (Non-English),1,Romance in the House,Romance in the House: Limited Series,9700000,0.0,2600000.0,2
2024-08-18,TV (Non-English),2,Tokyo Swindlers,Tokyo Swindlers: Season 1,8400000,6.15,1400000.0,4
2024-08-18,TV (Non-English),3,Shahmaran,Shahmaran: Season 2,6000000,4.5167,1300000.0,2
2024-08-18,TV (Non-English),4,Elite,Elite: Season 8,7600000,6.4333,1200000.0,4
2024-08-18,TV (Non-English),5,Love Next Door,Love Next Door: Limited Series,2700000,2.35,1100000.0,1
2024-08-18,TV (Non-English),6,The Influencer,The Influencer: Season 1,8200000,7.4333,1100000.0,2
2024-08-18,TV (Non-English),7,Miss Night and Day,Miss Night and Day: Limited Series,14700000,0.0,1000000.0,9
2024-08-18,TV (Non-English),8,KENGAN ASHURA,KENGAN ASHURA: Season 2,11600000,11.8167,1000000.0,3
2024-08-18,TV (Non-English),9,Dear Child,Dear Child: Limited Series,4500000,4.8167,900000.0,9
2024-08-18,TV (Non-English),10,Shahmaran,Shahmaran: Season 1,6100000,6.9,900000.0,4
2024-08-25,TV (Non-English),1,The Accident,The Accident: Season 1,76600000,7.3667,10400000.0,1
2024-08-25,TV (Non-English),2,Love Next Door,Love Next Door: Limited Series,14800000,4.9167,3000000.0,2
2024-08-25,TV (Non-English),3,Back to 15,Back to 15: Season 3,8400000,3.9667,2100000.0,1
2024-08-25,TV (Non-English),4,The Frog,The Frog: Limited Series,15200000,7.7333,2000000.0,1
2024-08-25,TV (Non-English),5,Romance in the House,Romance in the House: Limited Series,10500000,0.0,1800000.0,3
2024-08-25,TV (Non-English),6,Terror Tuesday: Extreme,Terror Tuesday: Extreme: Season 1,9500000,5.6833,1700000.0,1
2024-08-25,TV (Non-English),7,KENGAN ASHURA,KENGAN ASHURA: Season 2,12000000,11.8167,1000000.0,4
2024-08-25,TV (Non-English),8,Tokyo Swindlers,Tokyo Swindlers: Season 1,5500000,6.15,900000.0,5
2024-08-25,TV (Non-English),9,Elite,Elite: Season 8,5100000,6.4333,800000.0,5
2024-08-25,TV (Non-English),10,Miss Night and Day,Miss Night and Day: Limited Series,12400000,0.0,800000.0,10
2024-09-01,TV (Non-English),1,The Accident,The Accident: Season 1,87900000,7.3667,11900000.0,2
2024-09-01,TV (Non-English),2,IC 814: The Kandahar Hijack,IC 814: The Kandahar Hijack: Limited Series,18300000,4.4333,4100000.0,1
2024-09-01,TV (Non-English),3,Breathless,Breathless: Season 1,24400000,6.3833,3800000.0,1
2024-09-01,TV (Non-English),4,The Frog,The Frog: Limited Series,29500000,7.7333,3800000.0,2
2024-09-01,TV (Non-English),5,Love Next Door,Love Next Door: Limited Series,22200000,0.0,3700000.0,3
2024-09-01,TV (Non-English),6,Terminator Zero,Terminator Zero: Season 1,6400000,3.7833,1700000.0,1
2024-09-01,TV (Non-English),7,Baby Fever,Baby Fever: Season 1,5100000,3.0833,1700000.0,1
2024-09-01,TV (Non-English),8,Romance in the House,Romance in the House: Limited Series,12200000,0.0,1500000.0,4
2024-09-01,TV (Non-English),9,Baby Fever,Baby Fever: Season 2,4400000,3.1167,1400000.0,1
2024-09-01,TV (Non-English),10,Back to 15,Back to 15: Season 3,5100000,3.9667,1300000.0,2
2024-09-08,TV (Non-English),1,Breathless,Breathless: Season 1,41100000,6.3833,6400000.0,2
2024-09-08,TV (Non-English),2,The Accident,The Accident: Season 1,43600000,7.3667,5900000.0,3
2024-09-08,TV (Non-English),3,Love Next Door,Love Next Door: Limited Series,31800000,0.0,4000000.0,4
2024-09-08,TV (Non-English),4,IC 814: The Kandahar Hijack,IC 814: The Kandahar Hijack: Limited Series,16500000,4.4333,3700000.0,2
2024-09-08,TV (Non-English),5,Caught in the Web: The Murders Behind Zona Divas,Caught in the Web: The Murders Behind Zona Divas: Limited Series,4600000,2.8,1600000.0,1
2024-09-08,TV (Non-English),6,The Frog,The Frog: Limited Series,11400000,7.7333,1500000.0,3
2024-09-08,TV (Non-English),7,Terminator Zero,Terminator Zero: Season 1,5100000,3.7833,1300000.0,2
2024-09-08,TV (Non-English),8,Romance in the House,Romance in the House: Limited Series,14100000,0.0,1300000.0,5
2024-09-08,TV (Non-English),9,Chastity High,Chastity High: Season 1,7000000,6.7167,1000000.0,1
2024-09-08,TV (Non-English),10,Represent,Represent: Season 2,2600000,3.1167,800000.0,1
2024-09-15,TV (Non-English),1,The Accident,The Accident: Season 1,25700000,7.3667,3500000.0,4
2024-09-15,TV (Non-English),2,Love Next Door,Love Next Door: Limited Series,35600000,0.0,3300000.0,5
2024-09-15,TV (Non-English),3,Breathless,Breathless: Season 1,19500000,6.3833,3100000.0,3
2024-09-15,TV (Non-English),4,Ángel Di María: Breaking Down the Wall,Ángel Di María: Breaking Down the Wall: Limited Series,4600000,2.7833,1700000.0,1
2024-09-15,TV (Non-English),5,Caught in the Web: The Murders Behind Zona Divas,Caught in the Web: The Murders Behind Zona Divas: Limited Series,4200000,2.8,1500000.0,2
2024-09-15,TV (Non-English),6,IC 814: The Kandahar Hijack,IC 814: The Kandahar Hijack: Limited Series,5300000,4.4333,1200000.0,3
2024-09-15,TV (Non-English),7,Romance in the House,Romance in the House: Limited Series,14500000,0.0,1100000.0,6
2024-09-15,TV (Non-English),8,Billionaire Island,Billionaire Island: Season 1,4500000,4.5667,1000000.0,1
2024-09-15,TV (Non-English),9,Midnight at the Pera Palace,Midnight at the Pera Palace: Season 2,4400000,5.6833,800000.0,1
2024-09-15,TV (Non-English),10,Midnight at the Pera Palace,Midnight at the Pera Palace: Season 1,4000000,5.9,700000.0,3
2024-09-22,TV (Non-English),1,Culinary Class Wars,Culinary Class Wars: Season 1,17600000,4.6,3800000.0,1
2024-09-22,TV (Non-English),2,Love Next Door,Love Next Door: Limited Series,41400000,0.0,3000000.0,6
2024-09-22,TV (Non-English),3,I Am Georgina,I Am Georgina: Season 3,12800000,4.3667,2900000.0,1
2024-09-22,TV (Non-English),4,The Accident,The Accident: Season 1,17700000,7.3667,2400000.0,5
2024-09-22,TV (Non-English),5,Envious,Envious: Season 1,14400000,6.25,2300000.0,1
2024-09-22,TV (Non-English),6,Breathless,Breathless: Season 1,11600000,6.3833,1800000.0,4
2024-09-22,TV (Non-English),7,Ángel Di María: Breaking Down the Wall,Ángel Di María: Breaking Down the Wall: Limited Series,3800000,2.7833,1400000.0,2
2024-09-22,TV (Non-English),8,The Great Indian Kapil Show,The Great Indian Kapil Show: Season 2,1400000,1.2,1200000.0,1
2024-09-22,TV (Non-English),9,Billionaire Island,Billionaire Island: Season 1,4500000,4.5667,1000000.0,2
2024-09-22,TV (Non-English),10,Romance in the House,Romance in the House: Limited Series,12800000,13.2167,1000000.0,7
2024-09-29,TV (Non-English),1,Culinary Class Wars,Culinary Class Wars: Season 1,37700000,7.7,4900000.0,2
2024-09-29,TV (Non-English),2,Gyeongseong Creature,Gyeongseong Creature: Season 2,17400000,5.7,3100000.0,1
2024-09-29,TV (Non-English),3,Envious,Envious: Season 1,17400000,6.25,2800000.0,2
2024-09-29,TV (Non-English),4,Love Next Door,Love Next Door: Limited Series,44200000,0.0,2700000.0,7
2024-09-29,TV (Non-English),5,I Am Georgina,I Am Georgina: Season 3,9400000,4.3667,2200000.0,2
2024-09-29,TV (Non-English),6,The Great Indian Kapil Show,The Great Indian Kapil Show: Season 2,4100000,2.3333,1800000.0,2
2024-09-29,TV (Non-English),7,The Accident,The Accident: Season 1,10300000,7.3667,1400000.0,6
2024-09-29,TV (Non-English),8,We Were Kings,We Were Kings: Season 1,4800000,3.8167,1300000.0,1
2024-09-29,TV (Non-English),9,Breathless,Breathless: Season 1,6900000,6.3833,1100000.0,5
2024-09-29,TV (Non-English),10,Blood Legacy,Blood Legacy: Season 1,9000000,8.3833,1100000.0,1
2024-10-06,TV (Non-English),1,Culinary Class Wars,Culinary Class Wars: Season 1,44300000,11.0833,4000000.0,3
2024-10-06,TV (Non-English),2,Gyeongseong Creature,Gyeongseong Creature: Season 2,21100000,5.7,3700000.0,2
2024-10-06,TV (Non-English),3,Love Next Door,Love Next Door: Limited Series,47300000,0.0,2500000.0,8
2024-10-06,TV (Non-English),4,Envious,Envious: Season 1,10300000,6.25,1600000.0,3
2024-10-06,TV (Non-English),5,We Were Kings,We Were Kings: Season 1,5800000,3.8167,1500000.0,2
2024-10-06,TV (Non-English),6,The Great Indian Kapil Show,The Great Indian Kapil Show: Season 2,4400000,3.3333,1300000.0,3
2024-10-06,TV (Non-English),7,I Am Georgina,I Am Georgina: Season 3,4300000,4.3667,1000000.0,3
2024-10-06,TV (Non-English),8,The Accident,The Accident: Season 1,6700000,7.3667,900000.0,7
2024-10-06,TV (Non-English),9,Gyeongseong Creature,Gyeongseong Creature: Season 1,10400000,11.5333,900000.0,5
2024-10-06,TV (Non-English),10,Finding Ola,Finding Ola: Season 2,4600000,5.45,800000.0,1
2024-10-13,TV (Non-English),1,Deceitful Love,Deceitful Love: Limited Series,46400000,4.8167,9600000.0,1
2024-10-13,TV (Non-English),2,DAN DA DAN,DAN DA DAN: Season 1,3500000,0.8167,4300000.0,1
2024-10-13,TV (Non-English),3,The Secret of the River,The Secret of the River: Season 1,18400000,5.55,3300000.0,1
2024-10-13,TV (Non-English),4,Culinary Class Wars,Culinary Class Wars: Season 1,41300000,13.2167,3100000.0,4
2024-10-13,TV (Non-English),5,Ranma1/2,Ranma1/2: Season 1,1900000,0.7667,2500000.0,1
2024-10-13,TV (Non-English),6,Love Next Door,Love Next Door: Limited Series,43000000,0.0,2100000.0,9
2024-10-13,TV (Non-English),7,Gyeongseong Creature,Gyeongseong Creature: Season 2,8700000,5.7,1500000.0,3
2024-10-13,TV (Non-English),8,"Love Is Blind, Habibi","Love Is Blind, Habibi: Season 1",10700000,8.3833,1300000.0,1
2024-10-13,TV (Non-English),9,Envious,Envious: Season 1,7200000,6.25,1200000.0,4
2024-10-13,TV (Non-English),10,The Great Indian Kapil Show,The Great Indian Kapil Show: Season 2,4200000,4.55,900000.0,4
2024-10-20,TV (Non-English),1,Deceitful Love,Deceitful Love: Limited Series,40200000,4.8167,8300000.0,2
2024-10-20,TV (Non-English),2,The Secret of the River,The Secret of the River: Season 1,29500000,5.55,5300000.0,2
2024-10-20,TV (Non-English),3,DAN DA DAN,DAN DA DAN: Season 1,4200000,1.2333,3400000.0,2
2024-10-20,TV (Non-English),4,Culinary Class Wars,Culinary Class Wars: Season 1,23100000,13.2167,1700000.0,5
2024-10-20,TV (Non-English),5,A Virtuous Business,A Virtuous Business: Limited Series,6100000,0.0,1600000.0,1
2024-10-20,TV (Non-English),6,"Love Is Blind, Habibi","Love Is Blind, Habibi: Season 1",13300000,8.3833,1600000.0,2
2024-10-20,TV (Non-English),7,Love Next Door,Love Next Door: Limited Series,32900000,21.25,1500000.0,10
2024-10-20,TV (Non-English),8,Ranma1/2,Ranma1/2: Season 1,1800000,1.1667,1500000.0,2
2024-10-20,TV (Non-English),9,The Envoys,The Envoys: Season 1,8700000,6.4333,1400000.0,1
2024-10-20,TV (Non-English),10,Gyeongseong Creature,Gyeongseong Creature: Season 2,4800000,5.7,800000.0,4
2024-10-27,TV (Non-English),1,Deceitful Love,Deceitful Love: Limited Series,16000000,4.8167,3300000.0,3
2024-10-27,TV (Non-English),2,Dragon Ball DAIMA,,3000000,0.0,3200000.0,1
2024-10-27,TV (Non-English),3,DAN DA DAN,DAN DA DAN: Season 1,5100000,1.65,3100000.0,3
2024-10-27,TV (Non-English),4,The Secret of the River,The Secret of the River: Season 1,16600000,5.55,3000000.0,3
2024-10-27,TV (Non-English),5,Hellbound,Hellbound: Season 2,8300000,4.9167,1700000.0,1
2024-10-27,TV (Non-English),6,Ranma1/2,Ranma1/2: Season 1,2100000,1.55,1400000.0,3
2024-10-27,TV (Non-English),7,Culinary Class Wars,Culinary Class Wars: Season 1,16700000,13.2167,1300000.0,6
2024-10-27,TV (Non-English),8,A Virtuous Business,A Virtuous Business: Limited Series,7600000,0.0,1200000.0,2
2024-10-27,TV (Non-English),9,Love Next Door,Love Next Door: Limited Series,24300000,21.25,1100000.0,11
2024-10-27,TV (Non-English),10,The Envoys,The Envoys: Season 1,6600000,6.4333,1000000.0,2
2024-11-03,TV (Non-English),1,"Go Ahead, Brother","Go Ahead, Brother: Season 1",21100000,5.8333,3600000.0,1
2024-11-03,TV (Non-English),2,DAN DA DAN,DAN DA DAN: Season 1,6100000,2.05,3000000.0,4
2024-11-03,TV (Non-English),3,Don’t Come Home,Don’t Come Home: Limited Series,13000000,4.55,2900000.0,1
2024-11-03,TV (Non-English),4,Murder Mindfully,Murder Mindfully: Season 1,12000000,4.3667,2700000.0,1
2024-11-03,TV (Non-English),5,Demon Slayer: Kimetsu no Yaiba,Demon Slayer: Kimetsu no Yaiba: Hashira Training Arc,10300000,3.9667,2600000.0,9
2024-11-03,TV (Non-English),6,Hellbound,Hellbound: Season 2,11700000,4.9167,2400000.0,2
2024-11-03,TV (Non-English),7,The Law According to Lidia Poët,The Law According to Lidia Poët: Season 2,12300000,5.5,2200000.0,1
2024-11-03,TV (Non-English),8,Children of the Church Steps,Children of the Church Steps: Limited Series,6600000,3.3167,2000000.0,1
2024-11-03,TV (Non-English),9,Deceitful Love,Deceitful Love: Limited Series,9200000,4.8167,1900000.0,4
2024-11-03,TV (Non-English),10,Dragon Ball DAIMA,,2400000,0.0,1800000.0,2
2024-11-10,TV (Non-English),1,Murder Mindfully,Murder Mindfully: Season 1,20400000,4.3667,4700000.0,2
2024-11-10,TV (Non-English),2,The Cage,The Cage: Season 1,13600000,4.2833,3200000.0,1
2024-11-10,TV (Non-English),3,DAN DA DAN,DAN DA DAN: Season 1,7800000,2.4667,3200000.0,5
2024-11-10,TV (Non-English),4,Don’t Come Home,Don’t Come Home: Limited Series,13100000,4.55,2900000.0,2
2024-11-10,TV (Non-English),5,Bank Under Siege,Bank Under Siege: Limited Series,9600000,3.6,2700000.0,1
2024-11-10,TV (Non-English),6,"Go Ahead, Brother","Go Ahead, Brother: Season 1",13900000,5.8333,2400000.0,2
2024-11-10,TV (Non-English),7,The Law According to Lidia Poët,The Law According to Lidia Poët: Season 2,12000000,5.5,2200000.0,2
2024-11-10,TV (Non-English),8,Demon Slayer: Kimetsu no Yaiba,Demon Slayer: Kimetsu no Yaiba: Hashira Training Arc,7800000,3.9667,2000000.0,10
2024-11-10,TV (Non-English),9,Pinkfong Little Dino School,Pinkfong Little Dino School: Season 1,1300000,0.7,1900000.0,1
2024-11-10,TV (Non-English),10,Dragon Ball DAIMA,,2300000,0.0,1300000.0,3
2024-11-17,TV (Non-English),1,The Cage,The Cage: Season 1,37100000,4.2833,8700000.0,2
2024-11-17,TV (Non-English),2,Bank Under Siege,Bank Under Siege: Limited Series,15000000,3.6,4200000.0,2
2024-11-17,TV (Non-English),3,Sisters' Feud,Sisters' Feud: Season 1,41300000,12.6167,3300000.0,1
2024-11-17,TV (Non-English),4,DAN DA DAN,DAN DA DAN: Season 1,9300000,2.8833,3200000.0,6
2024-11-17,TV (Non-English),5,Mr. Plankton,Mr. Plankton: Limited Series,33300000,10.4,3200000.0,1
2024-11-17,TV (Non-English),6,Murder Mindfully,Murder Mindfully: Season 1,11600000,4.3667,2700000.0,3
2024-11-17,TV (Non-English),7,A Virtuous Business,A Virtuous Business: Limited Series,13300000,0.0,1400000.0,3
2024-11-17,TV (Non-English),8,The Law According to Lidia Poët,The Law According to Lidia Poët: Season 2,7500000,5.5,1400000.0,3
2024-11-17,TV (Non-English),9,Beyond Goodbye,Beyond Goodbye: Limited Series,8600000,6.3833,1300000.0,1
2024-11-17,TV (Non-English),10,The Empress,The Empress: Season 1,7100000,5.7167,1200000.0,6
2024-11-24,TV (Non-English),1,The Cage,The Cage: Season 1,23700000,4.2833,5500000.0,3
2024-11-24,TV (Non-English),2,Sisters' Feud,Sisters' Feud: Season 1,63300000,12.6167,5000000.0,2
2024-11-24,TV (Non-English),3,The Empress,The Empress: Season 2,24000000,5.4667,4400000.0,1
2024-11-24,TV (Non-English),4,When the Phone Rings,When the Phone Rings: Limited Series,7400000,2.2333,3300000.0,1
2024-11-24,TV (Non-English),5,Adoration,Adoration: Limited Series,14500000,4.5333,3200000.0,1
2024-11-24,TV (Non-English),6,DAN DA DAN,DAN DA DAN: Season 1,9800000,3.2833,3000000.0,7
2024-11-24,TV (Non-English),7,The Helicopter Heist,The Helicopter Heist: Limited Series,16500000,6.0,2800000.0,1
2024-11-24,TV (Non-English),8,900 Days Without Anabel,900 Days Without Anabel: Limited Series,5700000,2.6333,2200000.0,1
2024-11-24,TV (Non-English),9,Mr. Plankton,Mr. Plankton: Limited Series,22300000,10.4,2100000.0,2
2024-11-24,TV (Non-English),10,Beyond Goodbye,Beyond Goodbye: Limited Series,13000000,6.3833,2000000.0,2
2024-12-01,TV (Non-English),1,The Empress,The Empress: Season 2,36500000,5.4667,6700000.0,2
2024-12-01,TV (Non-English),2,When the Phone Rings,When the Phone Rings: Limited Series,29700000,4.5,6600000.0,2
2024-12-01,TV (Non-English),3,The Empress,The Empress: Season 1,17200000,5.7167,3000000.0,7
2024-12-01,TV (Non-English),4,DAN DA DAN,DAN DA DAN: Season 1,10300000,3.7,2800000.0,8
2024-12-01,TV (Non-English),5,Sisters' Feud,Sisters' Feud: Season 1,33300000,12.6167,2600000.0,3
2024-12-01,TV (Non-English),6,Senna,Senna: Limited Series,16500000,6.35,2600000.0,1
2024-12-01,TV (Non-English),7,Adoration,Adoration: Limited Series,11700000,4.5333,2600000.0,2
2024-12-01,TV (Non-English),8,The Cage,The Cage: Season 1,9200000,4.2833,2100000.0,4
2024-12-01,TV (Non-English),9,The Helicopter Heist,The Helicopter Heist: Limited Series,12800000,6.0,2100000.0,2
2024-12-01,TV (Non-English),10,The Trunk,The Trunk: Limited Series,17300000,8.45,2000000.0,1
2024-12-08,TV (Non-English),1,Senna,Senna: Limited Series,37000000,6.35,5800000.0,2
2024-12-08,TV (Non-English),2,When the Phone Rings,When the Phone Rings: Limited Series,19400000,4.5,4300000.0,3
2024-12-08,TV (Non-English),3,The Trunk,The Trunk: Limited Series,34400000,8.45,4100000.0,2
2024-12-08,TV (Non-English),4,The Empress,The Empress: Season 2,19700000,5.4667,3600000.0,3
2024-12-08,TV (Non-English),5,DAN DA DAN,DAN DA DAN: Season 1,10000000,4.1,2400000.0,9
2024-12-08,TV (Non-English),6,Asaf,Asaf: Limited Series,10600000,4.55,2300000.0,1
2024-12-08,TV (Non-English),7,The Empress,The Empress: Season 1,10400000,5.7167,1800000.0,8
2024-12-08,TV (Non-English),8,The Tale of Lady Ok,The Tale of Lady Ok: Limited Series,4400000,2.75,1600000.0,1
2024-12-08,TV (Non-English),9,Sisters' Feud,Sisters' Feud: Season 1,19600000,12.6167,1600000.0,4
2024-12-08,TV (Non-English),10,Valle Salvaje,Valle Salvaje: Season 1,7900000,0.0,1300000.0,1
2024-12-15,TV (Non-English),1,La Palma,La Palma: Limited Series,40200000,3.0667,13100000.0,1
2024-12-15,TV (Non-English),2,When the Phone Rings,When the Phone Rings: Limited Series,29900000,6.8333,4400000.0,4
2024-12-15,TV (Non-English),3,One Hundred Years of Solitude,One Hundred Years of Solitude: Part 1,31100000,8.6,3600000.0,1
2024-12-15,TV (Non-English),4,Senna,Senna: Limited Series,19000000,6.35,3000000.0,3
2024-12-15,TV (Non-English),5,DAN DA DAN,DAN DA DAN: Season 1,10100000,4.5167,2200000.0,10
2024-12-15,TV (Non-English),6,1992,1992: Season 1,9300000,4.45,2100000.0,1
2024-12-15,TV (Non-English),7,The Empress,The Empress: Season 2,10900000,5.4667,2000000.0,4
2024-12-15,TV (Non-English),8,The Trunk,The Trunk: Limited Series,15000000,8.45,1800000.0,3
2024-12-15,TV (Non-English),9,The Tale of Lady Ok,The Tale of Lady Ok: Limited Series,6300000,0.0,1700000.0,2
2024-12-15,TV (Non-English),10,Nevertheless : The Shapes of Love,Nevertheless : The Shapes of Love: Season 1,1800000,1.5667,1100000.0,1
2024-12-22,TV (Non-English),1,La Palma,La Palma: Limited Series,75700000,3.0667,24700000.0,2
2024-12-22,TV (Non-English),2,When the Phone Rings,When the Phone Rings: Limited Series,43900000,9.1333,4800000.0,5
2024-12-22,TV (Non-English),3,1992,1992: Season 1,16200000,4.45,3600000.0,2
2024-12-22,TV (Non-English),4,The Manny,The Manny: Season 2,14100000,4.5,3100000.0,1
2024-12-22,TV (Non-English),5,One Hundred Years of Solitude,One Hundred Years of Solitude: Part 1,26100000,8.6,3000000.0,2
2024-12-22,TV (Non-English),6,DAN DA DAN,DAN DA DAN: Season 1,10400000,4.9167,2100000.0,11
2024-12-22,TV (Non-English),7,Senna,Senna: Limited Series,10700000,6.35,1700000.0,4
2024-12-22,TV (Non-English),8,Squid Game,Squid Game: Season 1,12400000,8.3167,1500000.0,23
2024-12-22,TV (Non-English),9,Mismatched,Mismatched: Season 3,7200000,5.1,1400000.0,1
2024-12-22,TV (Non-English),10,The Empress,The Empress: Season 2,7200000,5.4667,1300000.0,5
2024-12-29,TV (Non-English),1,Squid Game,Squid Game: Season 2,487600000,7.1667,68000000.0,1
2024-12-29,TV (Non-English),2,La Palma,La Palma: Limited Series,37400000,3.0667,12200000.0,3
2024-12-29,TV (Non-English),3,Squid Game,Squid Game: Season 1,67100000,8.3167,8100000.0,24
2024-12-29,TV (Non-English),4,When the Phone Rings,When the Phone Rings: Limited Series,50100000,11.3667,4400000.0,6
2024-12-29,TV (Non-English),5,The Manny,The Manny: Season 2,12100000,4.5,2700000.0,2
2024-12-29,TV (Non-English),6,One Hundred Years of Solitude,One Hundred Years of Solitude: Part 1,15400000,8.6,1800000.0,3
2024-12-29,TV (Non-English),7,DAN DA DAN,DAN DA DAN: Season 1,7000000,4.9167,1400000.0,12
2024-12-29,TV (Non-English),8,Senna,Senna: Limited Series,8600000,6.35,1400000.0,5
2024-12-29,TV (Non-English),9,1992,1992: Season 1,5500000,4.45,1200000.0,3
2024-12-29,TV (Non-English),10,The Manny,The Manny: Season 1,6200000,5.75,1100000.0,5
2025-01-05,TV (Non-English),1,Squid Game,Squid Game: Season 2,417100000,7.1667,58200000.0,2
2025-01-05,TV (Non-English),2,Squid Game,Squid Game: Season 1,112700000,8.3167,13600000.0,25
2025-01-05,TV (Non-English),3,La Palma,La Palma: Limited Series,25400000,3.0667,8300000.0,4
2025-01-05,TV (Non-English),4,When the Phone Rings,When the Phone Rings: Limited Series,62000000,13.55,4600000.0,7
2025-01-05,TV (Non-English),5,Stranded with my Mother-in-Law,Stranded with my Mother-in-Law: Season 2,5500000,3.4,1600000.0,1
2025-01-05,TV (Non-English),6,The Manny,The Manny: Season 2,6900000,4.5,1500000.0,3
2025-01-05,TV (Non-English),7,One Hundred Years of Solitude,One Hundred Years of Solitude: Part 1,12400000,8.6,1400000.0,4
2025-01-05,TV (Non-English),8,SPY x FAMILY,SPY x FAMILY: Season 2,6500000,4.7333,1400000.0,2
2025-01-05,TV (Non-English),9,Love Is Blind: Germany,Love Is Blind: Germany: Season 1,4600000,3.5167,1300000.0,1
2025-01-05,TV (Non-English),10,Alice in Borderland,Alice in Borderland: Season 1,8100000,6.4833,1200000.0,9
2025-01-12,TV (Non-English),1,Squid Game,Squid Game: Season 2,188300000,7.1667,26300000.0,3
2025-01-12,TV (Non-English),2,The Breakthrough,The Breakthrough: Limited Series,28000000,2.65,10600000.0,1
2025-01-12,TV (Non-English),3,Squid Game,Squid Game: Season 1,72600000,8.3167,8700000.0,26
2025-01-12,TV (Non-English),4,Fake Profile,Fake Profile: Season 2,33000000,7.1333,4600000.0,1
2025-01-12,TV (Non-English),5,Subteran,Subteran: Season 1,16500000,4.4833,3700000.0,1
2025-01-12,TV (Non-English),6,La Palma,La Palma: Limited Series,11000000,3.0667,3600000.0,5
2025-01-12,TV (Non-English),7,When the Phone Rings,When the Phone Rings: Limited Series,39900000,13.55,2900000.0,8
2025-01-12,TV (Non-English),8,When the Stars Gossip,When the Stars Gossip: Limited Series,10800000,4.4167,2400000.0,1
2025-01-12,TV (Non-English),9,Hound's Hill,Hound's Hill: Limited Series,12900000,5.2833,2400000.0,1
2025-01-12,TV (Non-English),10,Dubai Bling,Dubai Bling: Season 3,18600000,7.7667,2400000.0,1
2025-01-19,TV (Non-English),1,Squid Game,Squid Game: Season 2,94800000,7.1667,13200000.0,4
2025-01-19,TV (Non-English),2,SAKAMOTO DAYS,SAKAMOTO DAYS: Season 1,7700000,0.0,8600000.0,1
2025-01-19,TV (Non-English),3,The Breakthrough,The Breakthrough: Limited Series,18400000,2.65,6900000.0,2
2025-01-19,TV (Non-English),4,Fake Profile,Fake Profile: Season 2,36200000,7.1333,5100000.0,2
2025-01-19,TV (Non-English),5,Squid Game,Squid Game: Season 1,41500000,8.3167,5000000.0,27
2025-01-19,TV (Non-English),6,Single’s Inferno,Single’s Inferno: Season 4,23100000,4.8333,4800000.0,1
2025-01-19,TV (Non-English),7,Fake Profile,Fake Profile: Season 1,18500000,6.3333,2900000.0,7
2025-01-19,TV (Non-English),8,Alpha Males,Alpha Males: Season 3,15100000,5.7667,2600000.0,1
2025-01-19,TV (Non-English),9,Subteran,Subteran: Season 1,11200000,4.4833,2500000.0,2
2025-01-19,TV (Non-English),10,Black Warrant,Black Warrant: Season 1,12600000,5.5667,2300000.0,1
2025-01-26,TV (Non-English),1,Squid Game,Squid Game: Season 2,56700000,7.1667,7900000.0,5
2025-01-26,TV (Non-English),2,SAKAMOTO DAYS,SAKAMOTO DAYS: Season 1,7300000,0.0,5700000.0,2
2025-01-26,TV (Non-English),3,The Trauma Code: Heroes on Call,The Trauma Code: Heroes on Call: Season 1,32600000,6.9333,4700000.0,1
2025-01-26,TV (Non-English),4,The Breakthrough,The Breakthrough: Limited Series,9100000,2.65,3400000.0,3
2025-01-26,TV (Non-English),5,Single’s Inferno,Single’s Inferno: Season 4,24900000,7.9167,3100000.0,2
2025-01-26,TV (Non-English),6,Squid Game,Squid Game: Season 1,25600000,8.3167,3100000.0,28
2025-01-26,TV (Non-English),7,Fake Profile,Fake Profile: Season 2,21300000,7.1333,3000000.0,3
2025-01-26,TV (Non-English),8,Fake Profile,Fake Profile: Season 1,10800000,6.3333,1700000.0,8
2025-01-26,TV (Non-English),9,Alpha Males,Alpha Males: Season 3,8700000,5.7667,1500000.0,2
2025-01-26,TV (Non-English),10,My Happy Marriage,My Happy Marriage: Season 2,1800000,1.2,1500000.0,1
2025-02-02,TV (Non-English),1,The Trauma Code: Heroes on Call,The Trauma Code: Heroes on Call: Season 1,82700000,6.9333,11900000.0,2
2025-02-02,TV (Non-English),2,Squid Game,Squid Game: Season 2,37400000,7.1667,5200000.0,6
2025-02-02,TV (Non-English),3,SAKAMOTO DAYS,SAKAMOTO DAYS: Season 1,7900000,0.0,4600000.0,3
2025-02-02,TV (Non-English),4,The Hooligan,The Hooligan: Season 1,13600000,3.8,3600000.0,1
2025-02-02,TV (Non-English),5,Squid Game,Squid Game: Season 1,17300000,8.3167,2100000.0,29
2025-02-02,TV (Non-English),6,Single’s Inferno,Single’s Inferno: Season 4,21300000,10.4667,2000000.0,3
2025-02-02,TV (Non-English),7,The Seven Deadly Sins: Four Knights of the Apocalypse,The Seven Deadly Sins: Four Knights of the Apocalypse: Season 2,9400000,4.75,2000000.0,1
2025-02-02,TV (Non-English),8,The Snow Girl,The Snow Girl: 2. The Soul Game,9500000,4.9667,1900000.0,1
2025-02-02,TV (Non-English),9,Fake Profile,Fake Profile: Season 2,12900000,7.1333,1800000.0,4
2025-02-02,TV (Non-English),10,The Breakthrough,The Breakthrough: Limited Series,4400000,2.65,1700000.0,4
2025-02-09,TV (Non-English),1,The Åre Murders,The Åre Murders: Season 1,31900000,3.6333,8800000.0,1
2025-02-09,TV (Non-English),2,The Trauma Code: Heroes on Call,The Trauma Code: Heroes on Call: Season 1,37400000,6.9333,5400000.0,3
2025-02-09,TV (Non-English),3,Prison Cell 211,Prison Cell 211: Season 1,19800000,3.7333,5300000.0,1
2025-02-09,TV (Non-English),4,Sintonia,Sintonia: Season 5,25100000,5.1167,4900000.0,1
2025-02-09,TV (Non-English),5,Cassandra,Cassandra: Limited Series,20600000,4.9333,4200000.0,1
2025-02-09,TV (Non-English),6,SAKAMOTO DAYS,SAKAMOTO DAYS: Season 1,8100000,0.0,3800000.0,4
2025-02-09,TV (Non-English),7,Squid Game,Squid Game: Season 2,26100000,7.1667,3600000.0,7
2025-02-09,TV (Non-English),8,Envious,Envious: Season 2,15800000,4.7167,3300000.0,1
2025-02-09,TV (Non-English),9,The Snow Girl,The Snow Girl: 2. The Soul Game,13600000,4.9667,2700000.0,2
2025-02-09,TV (Non-English),10,Wrong Side of the Tracks,Wrong Side of the Tracks: Season 4,24400000,9.65,2500000.0,1
2025-02-16,TV (Non-English),1,The Åre Murders,The Åre Murders: Season 1,38700000,3.6333,10700000.0,2
2025-02-16,TV (Non-English),2,Cassandra,Cassandra: Limited Series,50300000,4.9333,10200000.0,2
2025-02-16,TV (Non-English),3,Wrong Side of the Tracks,Wrong Side of the Tracks: Season 4,36900000,9.65,3800000.0,2
2025-02-16,TV (Non-English),4,Prison Cell 211,Prison Cell 211: Season 1,13400000,3.7333,3600000.0,2
2025-02-16,TV (Non-English),5,Dog Days Out,Dog Days Out: Part 1,7000000,2.1167,3300000.0,1
2025-02-16,TV (Non-English),6,SAKAMOTO DAYS,SAKAMOTO DAYS: Season 1,7900000,0.0,3100000.0,5
2025-02-16,TV (Non-English),7,The Trauma Code: Heroes on Call,The Trauma Code: Heroes on Call: Season 1,19500000,6.9333,2800000.0,4
2025-02-16,TV (Non-English),8,Squid Game,Squid Game: Season 2,19200000,7.1667,2700000.0,8
2025-02-16,TV (Non-English),9,Envious,Envious: Season 2,10500000,4.7167,2200000.0,2
2025-02-16,TV (Non-English),10,Sintonia,Sintonia: Season 5,9400000,5.1167,1800000.0,2
2025-02-23,TV (Non-English),1,Cassandra,Cassandra: Limited Series,36700000,4.9333,7400000.0,3
2025-02-23,TV (Non-English),2,The Åre Murders,The Åre Murders: Season 1,16300000,3.6333,4500000.0,3
2025-02-23,TV (Non-English),3,Dog Days Out,Dog Days Out: Part 1,6700000,2.1167,3200000.0,2
2025-02-23,TV (Non-English),4,Melo Movie,Melo Movie: Limited Series,32500000,10.2833,3200000.0,1
2025-02-23,TV (Non-English),5,Valeria,Valeria: Season 4,10900000,4.2,2600000.0,1
2025-02-23,TV (Non-English),6,SAKAMOTO DAYS,SAKAMOTO DAYS: Season 1,7600000,0.0,2600000.0,6
2025-02-23,TV (Non-English),7,Squid Game,Squid Game: Season 2,15000000,7.1667,2100000.0,9
2025-02-23,TV (Non-English),8,Wrong Side of the Tracks,Wrong Side of the Tracks: Season 4,18400000,9.65,1900000.0,3
2025-02-23,TV (Non-English),9,The Trauma Code: Heroes on Call,The Trauma Code: Heroes on Call: Season 1,12300000,6.9333,1800000.0,5
2025-02-23,TV (Non-English),10,My Family,My Family: Season 1,7100000,4.5167,1600000.0,1
2025-03-02,TV (Non-English),1,Cassandra,Cassandra: Limited Series,25400000,4.9333,5100000.0,4
2025-03-02,TV (Non-English),2,SAKAMOTO DAYS,SAKAMOTO DAYS: Season 1,7400000,0.0,2200000.0,7
2025-03-02,TV (Non-English),3,The Åre Murders,The Åre Murders: Season 1,6700000,3.6333,1800000.0,4
2025-03-02,TV (Non-English),4,Dabba Cartel,Dabba Cartel: Season 1,10200000,5.6333,1800000.0,1
2025-03-02,TV (Non-English),5,Squid Game,Squid Game: Season 2,11100000,7.1667,1500000.0,10
2025-03-02,TV (Non-English),6,Dog Days Out,Dog Days Out: Part 1,3100000,2.1167,1500000.0,3
2025-03-02,TV (Non-English),7,Melo Movie,Melo Movie: Limited Series,14300000,10.2833,1400000.0,2
2025-03-02,TV (Non-English),8,Tuiskoms,Tuiskoms: Season 1,7000000,5.4833,1300000.0,1
2025-03-02,TV (Non-English),9,Valeria,Valeria: Season 4,5300000,4.2,1300000.0,2
2025-03-02,TV (Non-English),10,Love Never Lies: Poland,Love Never Lies: Poland: Season 3,6000000,5.0333,1200000.0,1
2025-03-09,TV (Non-English),1,Medusa,Medusa: Season 1,51000000,7.4833,6800000.0,1
2025-03-09,TV (Non-English),2,Just One Look,Just One Look: Limited Series,20100000,4.4833,4500000.0,1
2025-03-09,TV (Non-English),3,Cassandra,Cassandra: Limited Series,18400000,4.9333,3700000.0,5
2025-03-09,TV (Non-English),4,When Life Gives You Tangerines,When Life Gives You Tangerines: Limited Series,13900000,3.9,3600000.0,1
2025-03-09,TV (Non-English),5,The Leopard,The Leopard: Limited Series,19800000,5.8333,3400000.0,1
2025-03-09,TV (Non-English),6,Dabba Cartel,Dabba Cartel: Season 1,15600000,5.6333,2800000.0,2
2025-03-09,TV (Non-English),7,Tuiskoms,Tuiskoms: Season 1,12500000,5.4833,2300000.0,2
2025-03-09,TV (Non-English),8,SAKAMOTO DAYS,SAKAMOTO DAYS: Season 1,7700000,0.0,2000000.0,8
2025-03-09,TV (Non-English),9,The Potato Lab,The Potato Lab: Limited Series,9300000,4.8333,1900000.0,1
2025-03-09,TV (Non-English),10,Graveyard,Graveyard: Season 1,9200000,7.1167,1300000.0,1
2025-03-16,TV (Non-English),1,Medusa,Medusa: Season 1,45800000,7.4833,6100000.0,2
2025-03-16,TV (Non-English),2,When Life Gives You Tangerines,When Life Gives You Tangerines: Limited Series,48100000,8.0333,6000000.0,2
2025-03-16,TV (Non-English),3,Just One Look,Just One Look: Limited Series,17900000,4.4833,4000000.0,2
2025-03-16,TV (Non-English),4,The Leopard,The Leopard: Limited Series,16500000,5.8333,2800000.0,2
2025-03-16,TV (Non-English),5,Welcome to the Family,Welcome to the Family: Season 1,11800000,4.2,2800000.0,1
2025-03-16,TV (Non-English),6,Cassandra,Cassandra: Limited Series,10200000,4.9333,2100000.0,6
2025-03-16,TV (Non-English),7,SAKAMOTO DAYS,SAKAMOTO DAYS: Season 1,7900000,0.0,1900000.0,9
2025-03-16,TV (Non-English),8,The Potato Lab,The Potato Lab: Limited Series,10200000,7.3667,1400000.0,2
2025-03-16,TV (Non-English),9,Dabba Cartel,Dabba Cartel: Season 1,7300000,5.6333,1300000.0,3
2025-03-16,TV (Non-English),10,Graveyard,Graveyard: Season 1,8200000,7.1167,1200000.0,2
2025-03-23,TV (Non-English),1,When Life Gives You Tangerines,When Life Gives You Tangerines: Limited Series,65500000,11.8667,5500000.0,3
2025-03-23,TV (Non-English),2,Medusa,Medusa: Season 1,20400000,7.4833,2700000.0,3
2025-03-23,TV (Non-English),3,Woman of the Dead,Woman of the Dead: Season 2,9000000,4.5,2000000.0,1
2025-03-23,TV (Non-English),4,Welcome to the Family,Welcome to the Family: Season 1,7600000,4.2,1800000.0,2
2025-03-23,TV (Non-English),5,SAKAMOTO DAYS,SAKAMOTO DAYS: Season 1,7700000,4.3667,1800000.0,10
2025-03-23,TV (Non-English),6,Just One Look,Just One Look: Limited Series,7300000,4.4833,1600000.0,3
2025-03-23,TV (Non-English),7,Khakee: The Bengal Chapter,Khakee: The Bengal Chapter: Season 1,9200000,5.85,1600000.0,1
2025-03-23,TV (Non-English),8,Go!,Go!: Season 1,4000000,2.6833,1500000.0,1
2025-03-23,TV (Non-English),9,The Potato Lab,The Potato Lab: Limited Series,13800000,9.7667,1400000.0,3
2025-03-23,TV (Non-English),10,Woman of the Dead,Woman of the Dead: Season 1,6300000,4.55,1400000.0,4
2025-03-30,TV (Non-English),1,Caught,Caught: Season 1,42700000,5.2167,8200000.0,1
2025-03-30,TV (Non-English),2,Weak Hero,Weak Hero: Class 1,36800000,5.5167,6700000.0,1
2025-03-30,TV (Non-English),3,When Life Gives You Tangerines,When Life Gives You Tangerines: Limited Series,99400000,16.5833,6000000.0,4
2025-03-30,TV (Non-English),4,The Lady's Companion,The Lady's Companion: Season 1,14700000,5.5833,2600000.0,1
2025-03-30,TV (Non-English),5,From Rock Star to Killer,From Rock Star to Killer: Limited Series,4000000,2.0833,1900000.0,1
2025-03-30,TV (Non-English),6,Woman of the Dead,Woman of the Dead: Season 2,8600000,4.5,1900000.0,2
2025-03-30,TV (Non-English),7,High Tides,High Tides: Season 2,6900000,4.35,1600000.0,1
2025-03-30,TV (Non-English),8,Medusa,Medusa: Season 1,11200000,7.4833,1500000.0,4
2025-03-30,TV (Non-English),9,Khakee: The Bengal Chapter,Khakee: The Bengal Chapter: Season 1,8500000,5.85,1500000.0,2
2025-03-30,TV (Non-English),10,Woman of the Dead,Woman of the Dead: Season 1,6200000,4.55,1400000.0,5
2025-04-06,TV (Non-English),1,When Life Gives You Tangerines,When Life Gives You Tangerines: Limited Series,89700000,16.5833,5400000.0,5
2025-04-06,TV (Non-English),2,The Lady's Companion,The Lady's Companion: Season 1,27600000,5.5833,4900000.0,2
2025-04-06,TV (Non-English),3,Caught,Caught: Season 1,23900000,5.2167,4600000.0,2
2025-04-06,TV (Non-English),4,Weak Hero,Weak Hero: Class 1,20500000,5.5167,3700000.0,2
2025-04-06,TV (Non-English),5,Karma,Karma: Limited Series,19300000,5.35,3600000.0,1
2025-04-06,TV (Non-English),6,From Rock Star to Killer,From Rock Star to Killer: Limited Series,3000000,2.0833,1400000.0,2
2025-04-06,TV (Non-English),7,The Apothecary Diaries,The Apothecary Diaries: Season 1,11900000,9.15,1300000.0,1
2025-04-06,TV (Non-English),8,The Potato Lab,The Potato Lab: Limited Series,17700000,15.0333,1200000.0,4
2025-04-06,TV (Non-English),9,High Tides,High Tides: Season 2,4400000,4.35,1000000.0,2
2025-04-06,TV (Non-English),10,Until You Burn,Until You Burn: Season 1,44400000,47.5833,900000.0,1
2025-04-13,TV (Non-English),1,The Gardener,The Gardener: Limited Series,36000000,4.6667,7700000.0,1
2025-04-13,TV (Non-English),2,Karma,Karma: Limited Series,25700000,5.35,4800000.0,2
2025-04-13,TV (Non-English),3,When Life Gives You Tangerines,When Life Gives You Tangerines: Limited Series,60600000,16.5833,3700000.0,6
2025-04-13,TV (Non-English),4,The Lady's Companion,The Lady's Companion: Season 1,13500000,5.5833,2400000.0,3
2025-04-13,TV (Non-English),5,How to Sell Drugs Online (Fast),How to Sell Drugs Online (Fast): Season 4,7300000,3.5333,2100000.0,1
2025-04-13,TV (Non-English),6,Kian’s Bizarre B&B,Kian’s Bizarre B&B: Season 1,6200000,3.0667,2000000.0,1
2025-04-13,TV (Non-English),7,Weak Hero,Weak Hero: Class 1,10000000,5.5167,1800000.0,3
2025-04-13,TV (Non-English),8,Caught,Caught: Season 1,8900000,5.2167,1700000.0,3
2025-04-13,TV (Non-English),9,Friendly Rivalry,Friendly Rivalry: Season 1,9200000,8.05,1100000.0,1
2025-04-13,TV (Non-English),10,Resident Playbook,Resident Playbook: Limited Series,3100000,2.75,1100000.0,1
2025-04-20,TV (Non-English),1,The Gardener,The Gardener: Limited Series,57300000,4.6667,12300000.0,2
2025-04-20,TV (Non-English),2,The Glass Dome,The Glass Dome: Limited Series,42600000,4.6333,9200000.0,1
2025-04-20,TV (Non-English),3,Resident Playbook,Resident Playbook: Limited Series,15000000,5.3833,2800000.0,2
2025-04-20,TV (Non-English),4,When Life Gives You Tangerines,When Life Gives You Tangerines: Limited Series,45200000,16.5833,2700000.0,7
2025-04-20,TV (Non-English),5,How to Sell Drugs Online (Fast),How to Sell Drugs Online (Fast): Season 4,6400000,3.5333,1800000.0,2
2025-04-20,TV (Non-English),6,Weak Hero,Weak Hero: Class 1,9700000,5.5167,1800000.0,4
2025-04-20,TV (Non-English),7,Karma,Karma: Limited Series,9200000,5.35,1700000.0,3
2025-04-20,TV (Non-English),8,Kian’s Bizarre B&B,Kian’s Bizarre B&B: Season 1,9000000,6.2833,1400000.0,2
2025-04-20,TV (Non-English),9,The Lady's Companion,The Lady's Companion: Season 1,7200000,5.5833,1300000.0,4
2025-04-20,TV (Non-English),10,Project UFO,Project UFO: Limited Series,3800000,3.35,1100000.0,1
2025-04-27,TV (Non-English),1,Weak Hero,Weak Hero: Class 2,34900000,5.7667,6100000.0,1
2025-04-27,TV (Non-English),2,The Gardener,The Gardener: Limited Series,23000000,4.6667,4900000.0,3
2025-04-27,TV (Non-English),3,The Glass Dome,The Glass Dome: Limited Series,22000000,4.6333,4700000.0,2
2025-04-27,TV (Non-English),4,A Tragedy Foretold: Flight 3054,A Tragedy Foretold: Flight 3054: Season 1,9000000,2.3333,3900000.0,1
2025-04-27,TV (Non-English),5,Heavenly Ever After,Heavenly Ever After: Limited Series,12000000,0.0,2900000.0,1
2025-04-27,TV (Non-English),6,Resident Playbook,Resident Playbook: Limited Series,16400000,7.9333,2100000.0,3
2025-04-27,TV (Non-English),7,When Life Gives You Tangerines,When Life Gives You Tangerines: Limited Series,32800000,16.5833,2000000.0,8
2025-04-27,TV (Non-English),8,Weak Hero,Weak Hero: Class 1,10500000,5.5167,1900000.0,5
2025-04-27,TV (Non-English),9,The Haunted Palace,The Haunted Palace: Season 1,5800000,4.2,1400000.0,1
2025-04-27,TV (Non-English),10,I Am Not Mendoza,I Am Not Mendoza: Season 1,35200000,29.8667,1200000.0,1
2025-05-04,TV (Non-English),1,The Eternaut,The Eternaut: Season 1,58300000,5.4,10800000.0,1
2025-05-04,TV (Non-English),2,Weak Hero,Weak Hero: Class 2,36800000,5.7667,6400000.0,2
2025-05-04,TV (Non-English),3,Asterix & Obelix: The Big Fight,Asterix & Obelix: The Big Fight: Limited Series,17500000,3.0333,5800000.0,1
2025-05-04,TV (Non-English),4,The Gardener,The Gardener: Limited Series,12100000,4.6667,2600000.0,4
2025-05-04,TV (Non-English),5,Weak Hero,Weak Hero: Class 1,12100000,5.5167,2200000.0,6
2025-05-04,TV (Non-English),6,Heavenly Ever After,Heavenly Ever After: Limited Series,14000000,0.0,2100000.0,2
2025-05-04,TV (Non-English),7,Resident Playbook,Resident Playbook: Limited Series,20700000,10.6,2000000.0,4
2025-05-04,TV (Non-English),8,The Glass Dome,The Glass Dome: Limited Series,9000000,4.6333,1900000.0,3
2025-05-04,TV (Non-English),9,When Life Gives You Tangerines,When Life Gives You Tangerines: Limited Series,26400000,16.5833,1600000.0,9
2025-05-04,TV (Non-English),10,A Tragedy Foretold: Flight 3054,A Tragedy Foretold: Flight 3054: Season 1,3400000,2.3333,1500000.0,2
2025-05-11,TV (Non-English),1,The Eternaut,The Eternaut: Season 1,52000000,5.4,9600000.0,2
2025-05-11,TV (Non-English),2,Asterix & Obelix: The Big Fight,Asterix & Obelix: The Big Fight: Limited Series,12900000,3.0333,4300000.0,2
2025-05-11,TV (Non-English),3,The Royals,The Royals: Season 1,17700000,5.95,3000000.0,1
2025-05-11,TV (Non-English),4,Weak Hero,Weak Hero: Class 2,14100000,5.7667,2400000.0,3
2025-05-11,TV (Non-English),5,Heavenly Ever After,Heavenly Ever After: Limited Series,19100000,0.0,2100000.0,3
2025-05-11,TV (Non-English),6,Resident Playbook,Resident Playbook: Limited Series,27600000,13.35,2100000.0,5
2025-05-11,TV (Non-English),7,The Gardener,The Gardener: Limited Series,8600000,4.6667,1800000.0,5
2025-05-11,TV (Non-English),8,Bad Boy,Bad Boy: Season 1,9100000,5.2167,1700000.0,1
2025-05-11,TV (Non-English),9,The Devil's Plan,The Devil's Plan: Season 2,10300000,6.0167,1700000.0,1
2025-05-11,TV (Non-English),10,The Glass Dome,The Glass Dome: Limited Series,6200000,4.6333,1300000.0,4
2025-05-18,TV (Non-English),1,Secrets We Keep,Secrets We Keep: Limited Series,38600000,3.7333,10300000.0,1
2025-05-18,TV (Non-English),2,Tastefully Yours,Tastefully Yours: Limited Series,13100000,2.0,6600000.0,1
2025-05-18,TV (Non-English),3,The Royals,The Royals: Season 1,33000000,5.95,5500000.0,2
2025-05-18,TV (Non-English),4,The Eternaut,The Eternaut: Season 1,19900000,5.4,3700000.0,3
2025-05-18,TV (Non-English),5,Rotten Legacy,Rotten Legacy: Season 1,14700000,6.6833,2200000.0,1
2025-05-18,TV (Non-English),6,Dear Hongrang,Dear Hongrang: Season 1,24100000,11.1667,2200000.0,1
2025-05-18,TV (Non-English),7,Franklin,Franklin: Season 1,9500000,4.6667,2000000.0,1
2025-05-18,TV (Non-English),8,Asterix & Obelix: The Big Fight,Asterix & Obelix: The Big Fight: Limited Series,5900000,3.0333,1900000.0,3
2025-05-18,TV (Non-English),9,Resident Playbook,Resident Playbook: Limited Series,30600000,16.3667,1900000.0,6
2025-05-18,TV (Non-English),10,"Thank You, Next","Thank You, Next: Season 2",9700000,5.55,1700000.0,1
2025-05-25,TV (Non-English),1,Secrets We Keep,Secrets We Keep: Limited Series,47500000,3.7333,12700000.0,2
2025-05-25,TV (Non-English),2,Tastefully Yours,Tastefully Yours: Limited Series,17900000,4.0,4500000.0,2
2025-05-25,TV (Non-English),3,Dear Hongrang,Dear Hongrang: Season 1,39400000,11.1667,3500000.0,2
2025-05-25,TV (Non-English),4,Rotten Legacy,Rotten Legacy: Season 1,17800000,6.6833,2700000.0,2
2025-05-25,TV (Non-English),5,"Thank You, Next","Thank You, Next: Season 2",12600000,5.55,2300000.0,2
2025-05-25,TV (Non-English),6,The Royals,The Royals: Season 1,13000000,5.95,2200000.0,3
2025-05-25,TV (Non-English),7,The Eternaut,The Eternaut: Season 1,10800000,5.4,2000000.0,4
2025-05-25,TV (Non-English),8,Resident Playbook,Resident Playbook: Limited Series,26500000,16.3667,1600000.0,7
2025-05-25,TV (Non-English),9,Heavenly Ever After,Heavenly Ever After: Limited Series,18900000,0.0,1300000.0,4
2025-05-25,TV (Non-English),10,Franklin,Franklin: Season 1,6200000,4.6667,1300000.0,2
2025-06-01,TV (Non-English),1,Secrets We Keep,Secrets We Keep: Limited Series,18900000,3.7333,5100000.0,3
2025-06-01,TV (Non-English),2,Tastefully Yours,Tastefully Yours: Limited Series,23800000,6.0,4000000.0,3
2025-06-01,TV (Non-English),3,Our Unwritten Seoul,Our Unwritten Seoul: Limited Series,14700000,5.2167,2800000.0,1
2025-06-01,TV (Non-English),4,Mad Unicorn,Mad Unicorn: Limited Series,11700000,7.1,1600000.0,1
2025-06-01,TV (Non-English),5,Dear Hongrang,Dear Hongrang: Season 1,16400000,11.1667,1500000.0,3
2025-06-01,TV (Non-English),6,The Royals,The Royals: Season 1,8600000,5.95,1400000.0,4
2025-06-01,TV (Non-English),7,"Thank You, Next","Thank You, Next: Season 2",6800000,5.55,1200000.0,3
2025-06-01,TV (Non-English),8,The Eternaut,The Eternaut: Season 1,6400000,5.4,1200000.0,5
2025-06-01,TV (Non-English),9,Heavenly Ever After,Heavenly Ever After: Limited Series,16600000,14.7,1100000.0,5
2025-06-01,TV (Non-English),10,Oh My Ghost Clients,Oh My Ghost Clients: Season 1,2000000,2.1667,900000.0,1
2025-06-08,TV (Non-English),1,Sara - Woman in the Shadows,Sara - Woman in the Shadows: Season 1,33100000,5.4167,6100000.0,1
2025-06-08,TV (Non-English),2,Mercy For None,Mercy For None: Limited Series,24700000,5.0167,4900000.0,1
2025-06-08,TV (Non-English),3,Tastefully Yours,Tastefully Yours: Limited Series,28200000,7.9833,3500000.0,4
2025-06-08,TV (Non-English),4,Mad Unicorn,Mad Unicorn: Limited Series,20900000,7.1,2900000.0,2
2025-06-08,TV (Non-English),5,Secrets We Keep,Secrets We Keep: Limited Series,9600000,3.7333,2600000.0,4
2025-06-08,TV (Non-English),6,Our Unwritten Seoul,Our Unwritten Seoul: Limited Series,17300000,7.8667,2200000.0,2
2025-06-08,TV (Non-English),7,Criminal Code,Criminal Code: Season 2,14200000,6.9167,2100000.0,1
2025-06-08,TV (Non-English),8,Oh My Ghost Clients,Oh My Ghost Clients: Season 1,4700000,4.2667,1100000.0,2
2025-06-08,TV (Non-English),9,GOOD BOY,GOOD BOY: Season 1,3900000,3.7167,1000000.0,1
2025-06-08,TV (Non-English),10,Criminal Code,Criminal Code: Season 1,7400000,7.7667,1000000.0,5
2025-06-15,TV (Non-English),1,Mercy For None,Mercy For None: Limited Series,37900000,5.0167,7600000.0,2
2025-06-15,TV (Non-English),2,"Cocaine Air: Smugglers at 30,000 Ft.","Cocaine Air: Smugglers at 30,000 Ft.: Limited Series",9200000,2.2,4200000.0,1
2025-06-15,TV (Non-English),3,Tastefully Yours,Tastefully Yours: Limited Series,30600000,10.05,3000000.0,5
2025-06-15,TV (Non-English),4,Sara - Woman in the Shadows,Sara - Woman in the Shadows: Season 1,12900000,5.4167,2400000.0,2
2025-06-15,TV (Non-English),5,Criminal Code,Criminal Code: Season 2,15400000,6.9167,2200000.0,2
2025-06-15,TV (Non-English),6,Our Unwritten Seoul,Our Unwritten Seoul: Limited Series,21900000,10.55,2100000.0,3
2025-06-15,TV (Non-English),7,Criminal Code,Criminal Code: Season 1,10800000,7.7667,1400000.0,6
2025-06-15,TV (Non-English),8,Magic and Muscles,Magic and Muscles: Mashle: Magic And Muscles The Divine Visionary Candidate Exam Arc,6200000,4.75,1300000.0,1
2025-06-15,TV (Non-English),9,Secrets We Keep,Secrets We Keep: Limited Series,4600000,3.7333,1200000.0,5
2025-06-15,TV (Non-English),10,Aniela,Aniela: Season 1,7400000,6.0333,1200000.0,1
2025-06-22,TV (Non-English),1,Olympo,Olympo: Season 1,20500000,6.3667,3200000.0,1
2025-06-22,TV (Non-English),2,Mercy For None,Mercy For None: Limited Series,14100000,5.0167,2800000.0,3
2025-06-22,TV (Non-English),3,The Many Deaths of Nora Dalmasso,The Many Deaths of Nora Dalmasso: Limited Series,6700000,2.6,2600000.0,1
2025-06-22,TV (Non-English),4,La Palma,La Palma: Limited Series,7900000,3.0667,2600000.0,6
2025-06-22,TV (Non-English),5,Our Unwritten Seoul,Our Unwritten Seoul: Limited Series,28000000,13.0333,2100000.0,4
2025-06-22,TV (Non-English),6,Rosario Tijeras (Mexico),Rosario Tijeras (Mexico): Season 4,54600000,29.55,1800000.0,1
2025-06-22,TV (Non-English),7,The Great Indian Kapil Show,The Great Indian Kapil Show: Season 3,1900000,1.2167,1600000.0,1
2025-06-22,TV (Non-English),8,"Cocaine Air: Smugglers at 30,000 Ft.","Cocaine Air: Smugglers at 30,000 Ft.: Limited Series",3400000,2.2,1500000.0,2
2025-06-22,TV (Non-English),9,Tastefully Yours,Tastefully Yours: Limited Series,14400000,10.05,1400000.0,6
2025-06-22,TV (Non-English),10,Criminal Code,Criminal Code: Season 2,9300000,6.9167,1300000.0,3
2025-06-29,TV (Non-English),1,Squid Game,Squid Game: Season 3,368400000,6.1333,60100000.0,1
2025-06-29,TV (Non-English),2,Olympo,Olympo: Season 1,44100000,6.3667,6900000.0,2
2025-06-29,TV (Non-English),3,Squid Game,Squid Game: Season 2,20300000,7.1667,2800000.0,11
2025-06-29,TV (Non-English),4,The Great Indian Kapil Show,The Great Indian Kapil Show: Season 3,4500000,2.25,2000000.0,2
2025-06-29,TV (Non-English),5,Our Unwritten Seoul,Our Unwritten Seoul: Limited Series,30100000,15.7833,1900000.0,5
2025-06-29,TV (Non-English),6,Squid Game,Squid Game: Season 1,14300000,8.3167,1700000.0,30
2025-06-29,TV (Non-English),7,La Palma,La Palma: Limited Series,5000000,3.0667,1600000.0,7
2025-06-29,TV (Non-English),8,Rosario Tijeras (Mexico),Rosario Tijeras (Mexico): Season 4,47900000,29.55,1600000.0,2
2025-06-29,TV (Non-English),9,Mercy For None,Mercy For None: Limited Series,7500000,5.0167,1500000.0,4
2025-06-29,TV (Non-English),10,The Many Deaths of Nora Dalmasso,The Many Deaths of Nora Dalmasso: Limited Series,3800000,2.6,1500000.0,2
2025-07-06,TV (Non-English),1,Squid Game,Squid Game: Season 3,283800000,6.1333,46300000.0,2
2025-07-06,TV (Non-English),2,Squid Game,Squid Game: Season 2,35100000,7.1667,4900000.0,12
2025-07-06,TV (Non-English),3,Squid Game,Squid Game: Season 1,31300000,8.3167,3800000.0,31
2025-07-06,TV (Non-English),4,Olympo,Olympo: Season 1,23100000,6.3667,3600000.0,3
2025-07-06,TV (Non-English),5,Ángela,Ángela: Limited Series,16800000,5.0167,3300000.0,1
2025-07-06,TV (Non-English),6,Our Unwritten Seoul,Our Unwritten Seoul: Limited Series,28600000,15.7833,1800000.0,6
2025-07-06,TV (Non-English),7,The Great Indian Kapil Show,The Great Indian Kapil Show: Season 3,3700000,3.1667,1200000.0,3
2025-07-06,TV (Non-English),8,Mercy For None,Mercy For None: Limited Series,5000000,5.0167,1000000.0,5
2025-07-06,TV (Non-English),9,Sara - Woman in the Shadows,Sara - Woman in the Shadows: Season 1,4900000,5.4167,900000.0,3
2025-07-06,TV (Non-English),10,Tour de France: Unchained,Tour de France: Unchained: Season 3,4900000,5.4167,900000.0,1
2025-07-13,TV (Non-English),1,Squid Game,Squid Game: Season 3,97400000,6.1333,15900000.0,3
2025-07-13,TV (Non-English),2,Ángela,Ángela: Limited Series,34800000,5.0167,6900000.0,2
2025-07-13,TV (Non-English),3,Under a Dark Sun,Under a Dark Sun: Season 1,28300000,4.85,5800000.0,1
2025-07-13,TV (Non-English),4,DAN DA DAN,DAN DA DAN: Season 2,4500000,0.8333,5400000.0,1
2025-07-13,TV (Non-English),5,Squid Game,Squid Game: Season 2,23100000,7.1667,3200000.0,13
2025-07-13,TV (Non-English),6,Olympo,Olympo: Season 1,15500000,6.3667,2400000.0,4
2025-07-13,TV (Non-English),7,Squid Game,Squid Game: Season 1,19100000,8.3167,2300000.0,32
2025-07-13,TV (Non-English),8,The Summer Hikaru Died,The Summer Hikaru Died: Season 1,1500000,0.7667,2000000.0,1
2025-07-13,TV (Non-English),9,The Gringo Hunters,The Gringo Hunters: Season 1,16800000,9.9167,1700000.0,1
2025-07-13,TV (Non-English),10,Better Late Than Single,Better Late Than Single: Season 1,6000000,3.85,1600000.0,1
2025-07-20,TV (Non-English),1,Squid Game,Squid Game: Season 3,47900000,6.1333,7800000.0,4
2025-07-20,TV (Non-English),2,Under a Dark Sun,Under a Dark Sun: Season 1,28200000,4.85,5800000.0,2
2025-07-20,TV (Non-English),3,DAN DA DAN,DAN DA DAN: Season 2,5000000,1.25,4000000.0,2
2025-07-20,TV (Non-English),4,Ángela,Ángela: Limited Series,16900000,5.0167,3400000.0,3
2025-07-20,TV (Non-English),5,Tougen Anki,,1600000,0.0,2000000.0,1
2025-07-20,TV (Non-English),6,Squid Game,Squid Game: Season 2,13700000,7.1667,1900000.0,14
2025-07-20,TV (Non-English),7,Olympo,Olympo: Season 1,10100000,6.3667,1600000.0,5
2025-07-20,TV (Non-English),8,The Summer Hikaru Died,The Summer Hikaru Died: Season 1,1600000,1.15,1400000.0,2
2025-07-20,TV (Non-English),9,Delirium,Delirium: Limited Series,7900000,5.7,1400000.0,1
2025-07-20,TV (Non-English),10,Better Late Than Single,Better Late Than Single: Season 1,10800000,7.8833,1400000.0,2
2025-07-27,TV (Non-English),1,Squid Game,Squid Game: Season 3,28500000,6.1333,4600000.0,5
2025-07-27,TV (Non-English),2,My Melody & Kuromi,My Melody & Kuromi: Season 1,11800000,2.75,4300000.0,1
2025-07-27,TV (Non-English),3,DAN DA DAN,DAN DA DAN: Season 2,5200000,1.6667,3100000.0,3
2025-07-27,TV (Non-English),4,Trigger,Trigger: Limited Series,22500000,7.8833,2900000.0,1
2025-07-27,TV (Non-English),5,Letters From The Past,Letters From The Past: Limited Series,12900000,5.2333,2500000.0,1
2025-07-27,TV (Non-English),6,Delirium,Delirium: Limited Series,12300000,5.7,2200000.0,2
2025-07-27,TV (Non-English),7,Ángela,Ángela: Limited Series,10400000,5.0167,2100000.0,4
2025-07-27,TV (Non-English),8,Under a Dark Sun,Under a Dark Sun: Season 1,9900000,4.85,2000000.0,3
2025-07-27,TV (Non-English),9,Mandala Murders,Mandala Murders: Season 1,9600000,5.1667,1900000.0,1
2025-07-27,TV (Non-English),10,Tougen Anki,,1900000,0.0,1600000.0,2
2025-08-03,TV (Non-English),1,Unspeakable Sins,Unspeakable Sins: Season 1,56900000,11.1667,5100000.0,1
2025-08-03,TV (Non-English),2,Trigger,Trigger: Limited Series,39600000,7.8833,5000000.0,2
2025-08-03,TV (Non-English),3,Squid Game,Squid Game: Season 3,17800000,6.1333,2900000.0,6
2025-08-03,TV (Non-English),4,My Melody & Kuromi,My Melody & Kuromi: Season 1,7800000,2.75,2800000.0,2
2025-08-03,TV (Non-English),5,DAN DA DAN,DAN DA DAN: Season 2,5600000,2.0833,2700000.0,4
2025-08-03,TV (Non-English),6,"Angi: Fake Life, True Crime","Angi: Fake Life, True Crime: Limited Series",3400000,1.2667,2700000.0,1
2025-08-03,TV (Non-English),7,Mandala Murders,Mandala Murders: Season 1,13700000,5.1667,2700000.0,2
2025-08-03,TV (Non-English),8,Marked,Marked: Season 1,10000000,4.6667,2100000.0,1
2025-08-03,TV (Non-English),9,Letters From The Past,Letters From The Past: Limited Series,9600000,5.2333,1800000.0,2
2025-08-03,TV (Non-English),10,Beyond the Bar,Beyond the Bar: Limited Series,3100000,0.0,1800000.0,1
2025-08-10,TV (Non-English),1,Unspeakable Sins,Unspeakable Sins: Season 1,68800000,11.1667,6200000.0,2
2025-08-10,TV (Non-English),2,Beyond the Bar,Beyond the Bar: Limited Series,18100000,0.0,4600000.0,2
2025-08-10,TV (Non-English),3,DAN DA DAN,DAN DA DAN: Season 2,6200000,2.5,2500000.0,5
2025-08-10,TV (Non-English),4,Marked,Marked: Season 1,11500000,4.6667,2500000.0,2
2025-08-10,TV (Non-English),5,Trigger,Trigger: Limited Series,18300000,7.8833,2300000.0,3
2025-08-10,TV (Non-English),6,Squid Game,Squid Game: Season 3,12500000,6.1333,2000000.0,7
2025-08-10,TV (Non-English),7,Tougen Anki,,2700000,0.0,1400000.0,3
2025-08-10,TV (Non-English),8,Glass Heart,Glass Heart: Season 1,8600000,7.2,1200000.0,1
2025-08-10,TV (Non-English),9,Mandala Murders,Mandala Murders: Season 1,5900000,5.1667,1100000.0,3
2025-08-10,TV (Non-English),10,SAKAMOTO DAYS,SAKAMOTO DAYS: Season 1,7000000,0.0,1100000.0,11
2025-08-17,TV (Non-English),1,In the Mud,In the Mud: Season 1,39300000,7.05,5600000.0,1
2025-08-17,TV (Non-English),2,Beyond the Bar,Beyond the Bar: Limited Series,28300000,0.0,4500000.0,3
2025-08-17,TV (Non-English),3,Unspeakable Sins,Unspeakable Sins: Season 1,39400000,11.1667,3500000.0,3
2025-08-17,TV (Non-English),4,Young Millionaires,Young Millionaires: Season 1,15400000,4.3833,3500000.0,1
2025-08-17,TV (Non-English),5,Saare Jahan Se Accha: The Silent Guardians,Saare Jahan Se Accha: The Silent Guardians: Season 1,9500000,4.05,2300000.0,1
2025-08-17,TV (Non-English),6,DAN DA DAN,DAN DA DAN: Season 2,6400000,2.9167,2200000.0,6
2025-08-17,TV (Non-English),7,Squid Game,Squid Game: Season 3,9600000,6.1333,1600000.0,8
2025-08-17,TV (Non-English),8,Final Draft,Final Draft: Season 1,7600000,5.45,1400000.0,1
2025-08-17,TV (Non-English),9,Trigger,Trigger: Limited Series,10800000,7.8833,1400000.0,4
2025-08-17,TV (Non-English),10,SAKAMOTO DAYS,SAKAMOTO DAYS: Season 1,7700000,0.0,1100000.0,12
2025-08-24,TV (Non-English),1,In the Mud,In the Mud: Season 1,37800000,7.05,5400000.0,2
2025-08-24,TV (Non-English),2,Rivers of Fate,Rivers of Fate: Limited Series,19000000,3.6333,5200000.0,1
2025-08-24,TV (Non-English),3,Beyond the Bar,Beyond the Bar: Limited Series,35600000,0.0,4100000.0,4
2025-08-24,TV (Non-English),4,"Bon Appétit, Your Majesty","Bon Appétit, Your Majesty: Limited Series",9400000,2.65,3500000.0,1
2025-08-24,TV (Non-English),5,Young Millionaires,Young Millionaires: Season 1,10800000,4.3833,2500000.0,2
2025-08-24,TV (Non-English),6,Unspeakable Sins,Unspeakable Sins: Season 1,25700000,11.1667,2300000.0,4
2025-08-24,TV (Non-English),7,DAN DA DAN,DAN DA DAN: Season 2,6500000,3.3167,2000000.0,7
2025-08-24,TV (Non-English),8,Saare Jahan Se Accha: The Silent Guardians,Saare Jahan Se Accha: The Silent Guardians: Season 1,6000000,4.05,1500000.0,2
2025-08-24,TV (Non-English),9,Final Draft,Final Draft: Season 1,7100000,5.45,1300000.0,2
2025-08-24,TV (Non-English),10,Squid Game,Squid Game: Season 3,7500000,6.1333,1200000.0,9
2025-08-31,TV (Non-English),1,Two Graves,Two Graves: Limited Series,21400000,2.4833,8600000.0,1
2025-08-31,TV (Non-English),2,"Bon Appétit, Your Majesty","Bon Appétit, Your Majesty: Limited Series",43200000,5.3333,8100000.0,2
2025-08-31,TV (Non-English),3,Rivers of Fate,Rivers of Fate: Limited Series,12900000,3.6333,3600000.0,2
2025-08-31,TV (Non-English),4,Beyond the Bar,Beyond the Bar: Limited Series,37600000,0.0,3500000.0,5
2025-08-31,TV (Non-English),5,In the Mud,In the Mud: Season 1,13400000,7.05,1900000.0,3
2025-08-31,TV (Non-English),6,DAN DA DAN,DAN DA DAN: Season 2,6900000,3.7333,1800000.0,8
2025-08-31,TV (Non-English),7,Unspeakable Sins,Unspeakable Sins: Season 1,15300000,11.1667,1400000.0,5
2025-08-31,TV (Non-English),8,Aema,Aema: Limited Series,6700000,5.8833,1100000.0,1
2025-08-31,TV (Non-English),9,SAKAMOTO DAYS,SAKAMOTO DAYS: Season 1,7600000,0.0,1000000.0,13
2025-08-31,TV (Non-English),10,Young Millionaires,Young Millionaires: Season 1,4400000,4.3833,1000000.0,3
2025-09-07,TV (Non-English),1,Two Graves,Two Graves: Limited Series,22600000,2.4833,9100000.0,2
2025-09-07,TV (Non-English),2,"Bon Appétit, Your Majesty","Bon Appétit, Your Majesty: Limited Series",58500000,7.8333,7500000.0,3
2025-09-07,TV (Non-English),3,Beyond the Bar,Beyond the Bar: Limited Series,42700000,0.0,3200000.0,6
2025-09-07,TV (Non-English),4,Rivers of Fate,Rivers of Fate: Limited Series,6200000,3.6333,1700000.0,3
2025-09-07,TV (Non-English),5,DAN DA DAN,DAN DA DAN: Season 2,6600000,4.15,1600000.0,9
2025-09-07,TV (Non-English),6,The Fragrant Flower Blooms With Dignity,The Fragrant Flower Blooms With Dignity: Season 1,2100000,0.0,1500000.0,1
2025-09-07,TV (Non-English),7,Queen Mantis,Queen Mantis: Season 1,2600000,2.0333,1300000.0,1
2025-09-07,TV (Non-English),8,In the Mud,In the Mud: Season 1,6700000,7.05,1000000.0,4
2025-09-07,TV (Non-English),9,SAKAMOTO DAYS,SAKAMOTO DAYS: Season 1,7300000,0.0,900000.0,14
2025-09-07,TV (Non-English),10,Unspeakable Sins,Unspeakable Sins: Season 1,10200000,11.1667,900000.0,6
2025-09-14,TV (Non-English),1,"Bon Appétit, Your Majesty","Bon Appétit, Your Majesty: Limited Series",70000000,10.3333,6800000.0,4
2025-09-14,TV (Non-English),2,The Dead Girls,The Dead Girls: Limited Series,26800000,6.8667,3900000.0,1
2025-09-14,TV (Non-English),3,Two Graves,Two Graves: Limited Series,7600000,2.4833,3100000.0,3
2025-09-14,TV (Non-English),4,Beyond the Bar,Beyond the Bar: Limited Series,36600000,14.0667,2600000.0,7
2025-09-14,TV (Non-English),5,The Fragrant Flower Blooms With Dignity,The Fragrant Flower Blooms With Dignity: Season 1,4000000,0.0,2500000.0,2
2025-09-14,TV (Non-English),6,Queen Mantis,Queen Mantis: Season 1,6500000,4.0667,1600000.0,2
2025-09-14,TV (Non-English),7,DAN DA DAN,DAN DA DAN: Season 2,6200000,4.55,1400000.0,10
2025-09-14,TV (Non-English),8,Love is Blind: France,Love is Blind: France: Season 1,5500000,4.2333,1300000.0,1
2025-09-14,TV (Non-English),9,Maledictions,Maledictions: Limited Series,2700000,2.1333,1300000.0,1
2025-09-14,TV (Non-English),10,Diary of a Ditched Girl,Diary of a Ditched Girl: Season 1,4500000,3.6,1300000.0,1
2025-09-21,TV (Non-English),1,"Bon Appétit, Your Majesty","Bon Appétit, Your Majesty: Limited Series",84700000,12.9667,6500000.0,5
2025-09-21,TV (Non-English),2,Billionaires' Bunker,Billionaires' Bunker: Season 1,27200000,7.35,3700000.0,1
2025-09-21,TV (Non-English),3,The Dead Girls,The Dead Girls: Limited Series,21300000,6.8667,3100000.0,2
2025-09-21,TV (Non-English),4,The Ba***ds of Bollywood,The Ba***ds of Bollywood: Season 1,14800000,5.3333,2800000.0,1
2025-09-21,TV (Non-English),5,You and Everything Else,You and Everything Else: Limited Series,25100000,14.55,1700000.0,1
2025-09-21,TV (Non-English),6,The Fragrant Flower Blooms With Dignity,The Fragrant Flower Blooms With Dignity: Season 1,3400000,0.0,1500000.0,3
2025-09-21,TV (Non-English),7,Two Graves,Two Graves: Limited Series,3500000,2.4833,1400000.0,4
2025-09-21,TV (Non-English),8,Maledictions,Maledictions: Limited Series,2800000,2.1333,1300000.0,2
2025-09-21,TV (Non-English),9,DAN DA DAN,DAN DA DAN: Season 2,6500000,4.9667,1300000.0,11
2025-09-21,TV (Non-English),10,Love is Blind: France,Love is Blind: France: Season 1,8900000,6.9,1300000.0,2
2025-09-28,TV (Non-English),1,Billionaires' Bunker,Billionaires' Bunker: Season 1,75600000,7.35,10300000.0,2
2025-09-28,TV (Non-English),2,Alice in Borderland,Alice in Borderland: Season 3,55900000,6.5833,8500000.0,1
2025-09-28,TV (Non-English),3,"Bon Appétit, Your Majesty","Bon Appétit, Your Majesty: Limited Series",94600000,15.6833,6000000.0,6
2025-09-28,TV (Non-English),4,The Ba***ds of Bollywood,The Ba***ds of Bollywood: Season 1,16900000,5.3333,3200000.0,2
2025-09-28,TV (Non-English),5,Ángela,Ángela: Limited Series,14500000,5.0167,2900000.0,5
2025-09-28,TV (Non-English),6,The Guest,The Guest: Season 1,38000000,14.1,2700000.0,1
2025-09-28,TV (Non-English),7,Alice in Borderland,Alice in Borderland: Season 1,9100000,6.4833,1400000.0,10
2025-09-28,TV (Non-English),8,The Fragrant Flower Blooms With Dignity,The Fragrant Flower Blooms With Dignity: Season 1,3700000,0.0,1300000.0,4
2025-09-28,TV (Non-English),9,The Dead Girls,The Dead Girls: Limited Series,9000000,6.8667,1300000.0,3
2025-09-28,TV (Non-English),10,Crime Scene Zero,Crime Scene Zero: Season 1,5900000,5.4667,1100000.0,1
2025-10-05,TV (Non-English),1,Alice in Borderland,Alice in Borderland: Season 3,46300000,6.5833,7000000.0,2
2025-10-05,TV (Non-English),2,Ángela,Ángela: Limited Series,28100000,5.0167,5600000.0,6
2025-10-05,TV (Non-English),3,"Bon Appétit, Your Majesty","Bon Appétit, Your Majesty: Limited Series",76400000,15.6833,4900000.0,7
2025-10-05,TV (Non-English),4,Billionaires' Bunker,Billionaires' Bunker: Season 1,31900000,7.35,4300000.0,3
2025-10-05,TV (Non-English),5,"Genie, Make a Wish","Genie, Make a Wish: Season 1",50900000,12.8167,4000000.0,1
2025-10-05,TV (Non-English),6,The Guest,The Guest: Season 1,41900000,14.1,3000000.0,2
2025-10-05,TV (Non-English),7,"Old Dog, New Tricks","Old Dog, New Tricks: Season 1",12100000,4.2,2900000.0,1
2025-10-05,TV (Non-English),8,Alice in Borderland,Alice in Borderland: Season 1,13300000,6.4833,2100000.0,11
2025-10-05,TV (Non-English),9,Alice in Borderland,Alice in Borderland: Season 2,12700000,8.5167,1500000.0,6
2025-10-05,TV (Non-English),10,The Ba***ds of Bollywood,The Ba***ds of Bollywood: Season 1,7300000,5.3333,1400000.0,3
2025-10-12,TV (Non-English),1,"Genie, Make a Wish","Genie, Make a Wish: Season 1",102600000,12.8167,8000000.0,2
2025-10-12,TV (Non-English),2,"Old Dog, New Tricks","Old Dog, New Tricks: Season 1",21800000,4.2,5200000.0,2
2025-10-12,TV (Non-English),3,Néro the Assassin,Néro the Assassin: Season 1,31600000,7.0,4500000.0,1
2025-10-12,TV (Non-English),4,Old Money,Old Money: Season 1,22300000,5.65,3900000.0,1
2025-10-12,TV (Non-English),5,Alice in Borderland,Alice in Borderland: Season 3,20500000,6.5833,3100000.0,3
2025-10-12,TV (Non-English),6,Billionaires' Bunker,Billionaires' Bunker: Season 1,17300000,7.35,2400000.0,4
2025-10-12,TV (Non-English),7,"Bon Appétit, Your Majesty","Bon Appétit, Your Majesty: Limited Series",35000000,15.6833,2200000.0,8
2025-10-12,TV (Non-English),8,Ángela,Ángela: Limited Series,10500000,5.0167,2100000.0,7
2025-10-12,TV (Non-English),9,The Guest,The Guest: Season 1,26500000,14.1,1900000.0,3
2025-10-12,TV (Non-English),10,Ranma1/2,Ranma1/2: Season 2,1100000,0.7833,1400000.0,1
2025-10-19,TV (Non-English),1,No One Saw Us Leave,No One Saw Us Leave: Season 1,33000000,4.1333,8000000.0,1
2025-10-19,TV (Non-English),2,Old Money,Old Money: Season 1,32800000,5.65,5800000.0,2
2025-10-19,TV (Non-English),3,"Genie, Make a Wish","Genie, Make a Wish: Season 1",44100000,12.8167,3400000.0,3
2025-10-19,TV (Non-English),4,Néro the Assassin,Néro the Assassin: Season 1,23000000,7.0,3300000.0,2
2025-10-19,TV (Non-English),5,Typhoon Family,Typhoon Family: Limited Series,11300000,4.8833,2300000.0,1
2025-10-19,TV (Non-English),6,Romantics Anonymous,Romantics Anonymous: Season 1,13500000,6.35,2100000.0,1
2025-10-19,TV (Non-English),7,Alice in Borderland,Alice in Borderland: Season 3,11900000,6.5833,1800000.0,4
2025-10-19,TV (Non-English),8,"Old Dog, New Tricks","Old Dog, New Tricks: Season 1",6700000,4.2,1600000.0,3
2025-10-19,TV (Non-English),9,"Bon Appétit, Your Majesty","Bon Appétit, Your Majesty: Limited Series",22800000,15.6833,1500000.0,9
2025-10-19,TV (Non-English),10,The Guest,The Guest: Season 1,18900000,14.1,1300000.0,4
2025-10-26,TV (Non-English),1,The Monster of Florence,The Monster of Florence: Limited Series,38300000,3.9833,9600000.0,1
2025-10-26,TV (Non-English),2,No One Saw Us Leave,No One Saw Us Leave: Season 1,19800000,4.1333,4800000.0,2
2025-10-26,TV (Non-English),3,Romantics Anonymous,Romantics Anonymous: Season 1,16800000,6.35,2600000.0,2
2025-10-26,TV (Non-English),4,One-Punch Man,One-Punch Man: Season 3,2200000,0.0,2400000.0,1
2025-10-26,TV (Non-English),5,Old Money,Old Money: Season 1,12100000,5.65,2100000.0,3
2025-10-26,TV (Non-English),6,"Genie, Make a Wish","Genie, Make a Wish: Season 1",26300000,12.8167,2100000.0,4
2025-10-26,TV (Non-English),7,Typhoon Family,Typhoon Family: Limited Series,12900000,7.0833,1800000.0,2
2025-10-26,TV (Non-English),8,Néro the Assassin,Néro the Assassin: Season 1,9000000,7.0,1300000.0,3
2025-10-26,TV (Non-English),9,Alice in Borderland,Alice in Borderland: Season 3,7700000,6.5833,1200000.0,5
2025-10-26,TV (Non-English),10,"Bon Appétit, Your Majesty","Bon Appétit, Your Majesty: Limited Series",17300000,15.6833,1100000.0,10
2025-11-02,TV (Non-English),1,The Asset,The Asset: Season 1,53700000,4.7667,11300000.0,1
2025-11-02,TV (Non-English),2,Rulers of Fortune,Rulers of Fortune: Season 1,40200000,7.5667,5300000.0,1
2025-11-02,TV (Non-English),3,Physical: Asia,Physical: Asia: Season 1,23100000,4.4167,5200000.0,1
2025-11-02,TV (Non-English),4,The Monster of Florence,The Monster of Florence: Limited Series,13700000,3.9833,3400000.0,2
2025-11-02,TV (Non-English),5,Amsterdam Empire,Amsterdam Empire: Season 1,13100000,5.2,2500000.0,1
2025-11-02,TV (Non-English),6,"Juan Gabriel: I Must, I Can, I Will","Juan Gabriel: I Must, I Can, I Will: Limited Series",7400000,4.0833,1800000.0,1
2025-11-02,TV (Non-English),7,One-Punch Man,One-Punch Man: Season 3,2300000,0.0,1700000.0,2
2025-11-02,TV (Non-English),8,Typhoon Family,Typhoon Family: Limited Series,14900000,9.25,1600000.0,3
2025-11-02,TV (Non-English),9,Breathless,Breathless: Season 2,10200000,6.8167,1500000.0,1
2025-11-02,TV (Non-English),10,"Genie, Make a Wish","Genie, Make a Wish: Season 1",18000000,12.8167,1400000.0,5
2025-11-09,TV (Non-English),1,Rulers of Fortune,Rulers of Fortune: Season 1,44400000,7.5667,5900000.0,2
2025-11-09,TV (Non-English),2,The Asset,The Asset: Season 1,25200000,4.7667,5300000.0,2
2025-11-09,TV (Non-English),3,Physical: Asia,Physical: Asia: Season 1,25700000,7.0667,3600000.0,2
2025-11-09,TV (Non-English),4,Heweliusz,Heweliusz: Limited Series,17100000,5.2,3300000.0,1
2025-11-09,TV (Non-English),5,Breathless,Breathless: Season 2,20100000,6.8167,2900000.0,2
2025-11-09,TV (Non-English),6,Amsterdam Empire,Amsterdam Empire: Season 1,13800000,5.2,2700000.0,2
2025-11-09,TV (Non-English),7,"Juan Gabriel: I Must, I Can, I Will","Juan Gabriel: I Must, I Can, I Will: Limited Series",9900000,4.0833,2400000.0,2
2025-11-09,TV (Non-English),8,As You Stood By,As You Stood By: Limited Series,19000000,8.3333,2300000.0,1
2025-11-09,TV (Non-English),9,Typhoon Family,Typhoon Family: Limited Series,17100000,11.3667,1500000.0,4
2025-11-09,TV (Non-English),10,One-Punch Man,One-Punch Man: Season 3,2400000,0.0,1400000.0,3
2025-11-16,TV (Non-English),1,As You Stood By,As You Stood By: Limited Series,65000000,8.3333,7800000.0,2
2025-11-16,TV (Non-English),2,Last Samurai Standing,Last Samurai Standing: Season 1,31700000,5.15,6200000.0,1
2025-11-16,TV (Non-English),3,Dynamite Kiss,Dynamite Kiss: Limited Series,13800000,2.25,6100000.0,1
2025-11-16,TV (Non-English),4,50 Seconds: The Fernando Báez Sosa Case,50 Seconds: The Fernando Báez Sosa Case: Limited Series,9500000,2.5167,3800000.0,1
2025-11-16,TV (Non-English),5,Rulers of Fortune,Rulers of Fortune: Season 1,23300000,7.5667,3100000.0,3
2025-11-16,TV (Non-English),6,The Crystal Cuckoo,The Crystal Cuckoo: Limited Series,13000000,4.85,2700000.0,1
2025-11-16,TV (Non-English),7,The Asset,The Asset: Season 1,12200000,4.7667,2600000.0,3
2025-11-16,TV (Non-English),8,Physical: Asia,Physical: Asia: Season 1,25800000,10.3833,2500000.0,3
2025-11-16,TV (Non-English),9,Delhi Crime,Delhi Crime: Season 3,11100000,4.7667,2300000.0,1
2025-11-16,TV (Non-English),10,Heweliusz,Heweliusz: Limited Series,9600000,5.2,1800000.0,2
2025-11-23,TV (Non-English),1,Last Samurai Standing,Last Samurai Standing: Season 1,37200000,5.15,7200000.0,2
2025-11-23,TV (Non-English),2,Dynamite Kiss,Dynamite Kiss: Limited Series,28900000,4.5,6400000.0,2
2025-11-23,TV (Non-English),3,The Crystal Cuckoo,The Crystal Cuckoo: Limited Series,26600000,4.85,5500000.0,2
2025-11-23,TV (Non-English),4,As You Stood By,As You Stood By: Limited Series,25500000,8.3333,3100000.0,3
2025-11-23,TV (Non-English),5,Envious,Envious: Season 3,13800000,4.8833,2800000.0,1
2025-11-23,TV (Non-English),6,Delhi Crime,Delhi Crime: Season 3,12000000,4.7667,2500000.0,2
2025-11-23,TV (Non-English),7,Rulers of Fortune,Rulers of Fortune: Season 1,17800000,7.5667,2400000.0,4
2025-11-23,TV (Non-English),8,Physical: Asia,Physical: Asia: Season 1,32500000,14.3333,2300000.0,4
2025-11-23,TV (Non-English),9,50 Seconds: The Fernando Báez Sosa Case,50 Seconds: The Fernando Báez Sosa Case: Limited Series,5700000,2.5167,2300000.0,2
2025-11-23,TV (Non-English),10,The Asset,The Asset: Season 1,6000000,4.7667,1300000.0,4
2025-11-30,TV (Non-English),1,Dynamite Kiss,Dynamite Kiss: Limited Series,37200000,6.7167,5500000.0,3
2025-11-30,TV (Non-English),2,Last Samurai Standing,Last Samurai Standing: Season 1,16600000,5.15,3200000.0,3
2025-11-30,TV (Non-English),3,The Crystal Cuckoo,The Crystal Cuckoo: Limited Series,12600000,4.85,2600000.0,3
2025-11-30,TV (Non-English),4,Envious,Envious: Season 3,10100000,4.8833,2100000.0,2
2025-11-30,TV (Non-English),5,Three Idiots in Kenya,Three Idiots in Kenya: Season 1,6700000,3.4833,1900000.0,1
2025-11-30,TV (Non-English),6,As You Stood By,As You Stood By: Limited Series,14900000,8.3333,1800000.0,4
2025-11-30,TV (Non-English),7,Rulers of Fortune,Rulers of Fortune: Season 1,13000000,7.5667,1700000.0,5
2025-11-30,TV (Non-English),8,Delhi Crime,Delhi Crime: Season 3,5400000,4.7667,1100000.0,3
2025-11-30,TV (Non-English),9,Taxi Driver,Taxi Driver: Season 3,5000000,4.5167,1100000.0,1
2025-11-30,TV (Non-English),10,Just Alice,Just Alice: Season 1,13300000,12.6667,1000000.0,1
2025-12-07,TV (Non-English),1,Dynamite Kiss,Dynamite Kiss: Limited Series,42300000,8.8833,4800000.0,4
2025-12-07,TV (Non-English),2,The Price of Confession,The Price of Confession: Season 1,22700000,10.3667,2200000.0,1
2025-12-07,TV (Non-English),3,Last Samurai Standing,Last Samurai Standing: Season 1,8500000,5.15,1700000.0,4
2025-12-07,TV (Non-English),4,The Crystal Cuckoo,The Crystal Cuckoo: Limited Series,7600000,4.85,1600000.0,4
2025-12-07,TV (Non-English),5,Love Is Blind: Italy,Love Is Blind: Italy: Season 1,5400000,4.1,1300000.0,1
2025-12-07,TV (Non-English),6,Stranded with my Mother-in-Law,Stranded with my Mother-in-Law: Season 3,3900000,3.3833,1200000.0,1
2025-12-07,TV (Non-English),7,Rulers of Fortune,Rulers of Fortune: Season 1,8500000,7.5667,1100000.0,6
2025-12-07,TV (Non-English),8,As You Stood By,As You Stood By: Limited Series,8700000,8.3333,1000000.0,5
2025-12-07,TV (Non-English),9,Three Idiots in Kenya,Three Idiots in Kenya: Season 1,7900000,7.7333,1000000.0,2
2025-12-07,TV (Non-English),10,Envious,Envious: Season 3,4500000,4.8833,900000.0,3
2025-12-14,TV (Non-English),1,The Price of Confession,The Price of Confession: Season 1,59600000,10.3667,5700000.0,2
2025-12-14,TV (Non-English),2,Record of Ragnarok,Record of Ragnarok: Season 3,33600000,6.3,5300000.0,1
2025-12-14,TV (Non-English),3,The Accident,The Accident: Season 2,20300000,4.5333,4500000.0,1
2025-12-14,TV (Non-English),4,Dynamite Kiss,Dynamite Kiss: Limited Series,48400000,11.0167,4400000.0,5
2025-12-14,TV (Non-English),5,City of Shadows,City of Shadows: Limited Series,13500000,4.7833,2800000.0,1
2025-12-14,TV (Non-English),6,Blood Coast,Blood Coast: Season 2,10800000,5.1667,2100000.0,1
2025-12-14,TV (Non-English),7,Pro Bono,Pro Bono: Limited Series,8000000,4.9167,1600000.0,1
2025-12-14,TV (Non-English),8,Badly in Love,Badly in Love: Season 1,4700000,3.0,1600000.0,1
2025-12-14,TV (Non-English),9,Single Papa,Single Papa: Season 1,6100000,3.9667,1500000.0,1
2025-12-14,TV (Non-English),10,Home for Christmas,Home for Christmas: Season 3,5900000,4.1333,1400000.0,1
2025-12-21,TV (Non-English),1,Culinary Class Wars,Culinary Class Wars: Season 2,21400000,3.8833,5500000.0,1
2025-12-21,TV (Non-English),2,City of Shadows,City of Shadows: Limited Series,21700000,4.7833,4500000.0,2
2025-12-21,TV (Non-English),3,The Accident,The Accident: Season 2,19400000,4.5333,4300000.0,2
2025-12-21,TV (Non-English),4,Dynamite Kiss,Dynamite Kiss: Limited Series,46900000,13.15,3600000.0,6
2025-12-21,TV (Non-English),5,Record of Ragnarok,Record of Ragnarok: Season 3,20600000,6.3,3300000.0,2
2025-12-21,TV (Non-English),6,Single Papa,Single Papa: Season 1,11200000,3.9667,2800000.0,2
2025-12-21,TV (Non-English),7,The Price of Confession,The Price of Confession: Season 1,27700000,10.3667,2700000.0,3
2025-12-21,TV (Non-English),8,Home for Christmas,Home for Christmas: Season 3,9000000,4.1333,2200000.0,2
2025-12-21,TV (Non-English),9,Badly in Love,Badly in Love: Season 1,11200000,5.2,2200000.0,2
2025-12-21,TV (Non-English),10,Blood Coast,Blood Coast: Season 2,8800000,5.1667,1700000.0,2
2025-12-28,TV (Non-English),1,Culinary Class Wars,Culinary Class Wars: Season 2,44800000,9.5167,4700000.0,2
2025-12-28,TV (Non-English),2,Cashero,Cashero: Limited Series,26500000,6.9833,3800000.0,1
2025-12-28,TV (Non-English),3,Dynamite Kiss,Dynamite Kiss: Limited Series,50800000,15.3167,3300000.0,7
2025-12-28,TV (Non-English),4,The Accident,The Accident: Season 2,10300000,4.5333,2300000.0,3
2025-12-28,TV (Non-English),5,City of Shadows,City of Shadows: Limited Series,10400000,4.7833,2200000.0,3
2025-12-28,TV (Non-English),6,Idol I,Idol I: 시즌 1,4200000,2.0333,2100000.0,1
2025-12-28,TV (Non-English),7,Badly in Love,Badly in Love: Season 1,14000000,7.5,1900000.0,3
2025-12-28,TV (Non-English),8,The Great Indian Kapil Show,The Great Indian Kapil Show: Season 4,3900000,2.2667,1700000.0,1
2025-12-28,TV (Non-English),9,The Price of Confession,The Price of Confession: Season 1,17500000,10.3667,1700000.0,4
2025-12-28,TV (Non-English),10,Record of Ragnarok,Record of Ragnarok: Season 3,10400000,6.3,1700000.0,3
2026-01-04,TV (Non-English),1,Cashero,Cashero: Limited Series,42600000,6.9833,6100000.0,2
2026-01-04,TV (Non-English),2,Land of Sin,Land of Sin: Limited Series,14400000,3.5333,4100000.0,1
2026-01-04,TV (Non-English),3,Culinary Class Wars,Culinary Class Wars: Season 2,46100000,13.4167,3400000.0,3
2026-01-04,TV (Non-English),4,Love from 9 to 5,Love from 9 to 5: Season 1,10800000,4.85,2200000.0,1
2026-01-04,TV (Non-English),5,CMXXIV,,3900000,1.8833,2100000.0,1
2026-01-04,TV (Non-English),6,Dynamite Kiss,Dynamite Kiss: Limited Series,27500000,15.3167,1800000.0,8
2026-01-04,TV (Non-English),7,The Accident,The Accident: Season 2,7100000,4.5333,1600000.0,4
2026-01-04,TV (Non-English),8,Idol I,Idol I: 시즌 1,6100000,4.1,1500000.0,2
2026-01-04,TV (Non-English),9,City of Shadows,City of Shadows: Limited Series,6700000,4.7833,1400000.0,4
2026-01-04,TV (Non-English),10,My Korean Boyfriend,My Korean Boyfriend: Season 1,3700000,2.7,1400000.0,1
2026-01-11,TV (Non-English),1,Land of Sin,Land of Sin: Limited Series,11400000,3.5333,3200000.0,2
2026-01-11,TV (Non-English),2,Jujutsu Kaisen,Jujutsu Kaisen: Season 3,2500000,0.8,3100000.0,1
2026-01-11,TV (Non-English),3,Love from 9 to 5,Love from 9 to 5: Season 1,12500000,4.85,2600000.0,2
2026-01-11,TV (Non-English),4,Cashero,Cashero: Limited Series,16300000,6.9833,2300000.0,3
2026-01-11,TV (Non-English),5,Culinary Class Wars,Culinary Class Wars: Season 2,37000000,16.0833,2300000.0,4
2026-01-11,TV (Non-English),6,Alpha Males,Alpha Males: Season 4,7700000,3.6,2100000.0,1
2026-01-11,TV (Non-English),7,Idol I,Idol I: 시즌 1,8300000,6.1667,1300000.0,3
2026-01-11,TV (Non-English),8,Dynamite Kiss,Dynamite Kiss: Limited Series,18800000,15.3167,1200000.0,9
2026-01-11,TV (Non-English),9,Pro Bono,Pro Bono: Limited Series,17400000,14.4833,1200000.0,2
2026-01-11,TV (Non-English),10,Starto Countdown 2025→2026,Starto Countdown 2025→2026: Season 1,2400000,2.1,1100000.0,1
2026-01-18,TV (Non-English),1,Taskaree: The Smuggler's Web,Taskaree: The Smuggler's Web: Season 1,29400000,5.4,5400000.0,1
2026-01-18,TV (Non-English),2,Can This Love Be Translated?,Can This Love Be Translated?: Limited Series,53200000,13.1833,4000000.0,1
2026-01-18,TV (Non-English),3,Jujutsu Kaisen,Jujutsu Kaisen: Season 3,3400000,1.2,2800000.0,2
2026-01-18,TV (Non-English),4,Alpha Males,Alpha Males: Season 4,9300000,3.6,2600000.0,2
2026-01-18,TV (Non-English),5,The Queen of Flow,The Queen of Flow: Season 3,38500000,15.2333,2500000.0,1
2026-01-18,TV (Non-English),6,No Tail to Tell,No Tail to Tell: Limited Series,4200000,2.0333,2100000.0,1
2026-01-18,TV (Non-English),7,"To Love, To Lose","To Love, To Lose: Season 1",13100000,7.0667,1900000.0,1
2026-01-18,TV (Non-English),8,Culinary Class Wars,Culinary Class Wars: Season 2,24700000,17.1167,1400000.0,5
2026-01-18,TV (Non-English),9,Silent Truth,Silent Truth: Season 1,1000000,0.8167,1200000.0,1
2026-01-18,TV (Non-English),10,Cashero,Cashero: Limited Series,8400000,6.9833,1200000.0,4
2026-01-25,TV (Non-English),1,Can This Love Be Translated?,Can This Love Be Translated?: Limited Series,118000000,13.1833,9000000.0,2
2026-01-25,TV (Non-English),2,Single’s Inferno,Single’s Inferno: Season 5,23600000,5.1167,4600000.0,1
2026-01-25,TV (Non-English),3,Taskaree: The Smuggler's Web,Taskaree: The Smuggler's Web: Season 1,21200000,5.4,3900000.0,2
2026-01-25,TV (Non-English),4,Jujutsu Kaisen,Jujutsu Kaisen: Season 3,3700000,1.6667,2200000.0,3
2026-01-25,TV (Non-English),5,No Tail to Tell,No Tail to Tell: Limited Series,8400000,4.1333,2000000.0,2
2026-01-25,TV (Non-English),6,Undercover Miss Hong,Undercover Miss Hong: Limited Series,9300000,4.9833,1900000.0,1
2026-01-25,TV (Non-English),7,"To Love, To Lose","To Love, To Lose: Season 1",12400000,7.0667,1800000.0,2
2026-01-25,TV (Non-English),8,The Queen of Flow,The Queen of Flow: Season 3,23200000,15.2333,1500000.0,2
2026-01-25,TV (Non-English),9,Frieren: Beyond Journey's End,Frieren: Beyond Journey's End: Season 2,1100000,0.8,1400000.0,1
2026-01-25,TV (Non-English),10,Alpha Males,Alpha Males: Season 4,4500000,3.6,1300000.0,3
2026-02-01,TV (Non-English),1,Can This Love Be Translated?,Can This Love Be Translated?: Limited Series,56600000,13.1833,4300000.0,3
2026-02-01,TV (Non-English),2,Single’s Inferno,Single’s Inferno: Season 5,37300000,9.5833,3900000.0,2
2026-02-01,TV (Non-English),3,Taskaree: The Smuggler's Web,Taskaree: The Smuggler's Web: Season 1,9200000,5.4,1700000.0,3
2026-02-01,TV (Non-English),4,Jujutsu Kaisen,Jujutsu Kaisen: Season 3,3400000,2.0667,1600000.0,4
2026-02-01,TV (Non-English),5,Undercover Miss Hong,Undercover Miss Hong: Limited Series,12100000,7.4167,1600000.0,2
2026-02-01,TV (Non-English),6,No Tail to Tell,No Tail to Tell: Limited Series,8900000,6.1667,1400000.0,3
2026-02-01,TV (Non-English),7,Frieren: Beyond Journey's End,Frieren: Beyond Journey's End: Season 2,1400000,1.2,1200000.0,2
2026-02-01,TV (Non-English),8,Hell's Paradise: Jigokuraku,Hell's Paradise: Jigokuraku: Season 2,1200000,0.0,900000.0,1
2026-02-01,TV (Non-English),9,Idol I,Idol I: 시즌 1,9700000,12.3333,800000.0,4
2026-02-01,TV (Non-English),10,Alpha Males,Alpha Males: Season 4,2800000,3.6,800000.0,4
2026-02-08,TV (Non-English),1,Unfamiliar,Unfamiliar: Season 1,25700000,5.2333,4900000.0,1
2026-02-08,TV (Non-English),2,Single’s Inferno,Single’s Inferno: Season 5,45100000,14.4833,3100000.0,3
2026-02-08,TV (Non-English),3,Can This Love Be Translated?,Can This Love Be Translated?: Limited Series,31600000,13.1833,2400000.0,4
2026-02-08,TV (Non-English),4,Undercover Miss Hong,Undercover Miss Hong: Limited Series,13700000,9.85,1400000.0,3
2026-02-08,TV (Non-English),5,Cash Queens,Cash Queens: Season 1,7600000,5.75,1300000.0,1
2026-02-08,TV (Non-English),6,Jujutsu Kaisen,Jujutsu Kaisen: Season 3,3100000,2.4667,1300000.0,5
2026-02-08,TV (Non-English),7,Salvador,Salvador: Season 1,7400000,6.1,1200000.0,1
2026-02-08,TV (Non-English),8,No Tail to Tell,No Tail to Tell: Limited Series,9600000,8.1667,1200000.0,4
2026-02-08,TV (Non-English),9,Taskaree: The Smuggler's Web,Taskaree: The Smuggler's Web: Season 1,5500000,5.4,1000000.0,4
2026-02-08,TV (Non-English),10,Frieren: Beyond Journey's End,Frieren: Beyond Journey's End: Season 2,1300000,1.6,800000.0,3
2026-02-15,TV (Non-English),1,Unfamiliar,Unfamiliar: Season 1,54600000,5.2333,10400000.0,2
2026-02-15,TV (Non-English),2,Lead Children,Lead Children: Limited Series,24000000,5.75,4200000.0,1
2026-02-15,TV (Non-English),3,The Art of Sarah,The Art of Sarah: Limited Series,22900000,5.9667,3800000.0,1
2026-02-15,TV (Non-English),4,Salvador,Salvador: Season 1,22000000,6.1,3600000.0,2
2026-02-15,TV (Non-English),5,Cash Queens,Cash Queens: Season 1,15500000,5.75,2700000.0,2
2026-02-15,TV (Non-English),6,In the Mud,In the Mud: Season 2,14000000,5.6667,2500000.0,1
2026-02-15,TV (Non-English),7,Motorvalley,Motorvalley: Season 1,10100000,4.65,2200000.0,1
2026-02-15,TV (Non-English),8,Single’s Inferno,Single’s Inferno: Season 5,28700000,16.65,1700000.0,4
2026-02-15,TV (Non-English),9,Single's Inferno Reunion,Single's Inferno Reunion: Limited Series,5800000,3.6,1600000.0,1
2026-02-15,TV (Non-English),10,Kohrra,Kohrra: Season 2,7700000,4.9667,1600000.0,1
2026-02-22,TV (Non-English),1,The Art of Sarah,The Art of Sarah: Limited Series,59400000,5.9667,10000000.0,2
2026-02-22,TV (Non-English),2,Unfamiliar,Unfamiliar: Season 1,22500000,5.2333,4300000.0,3
2026-02-22,TV (Non-English),3,Lead Children,Lead Children: Limited Series,22300000,5.75,3900000.0,2
2026-02-22,TV (Non-English),4,The Museum of Innocence,The Museum of Innocence: Limited Series,29100000,7.6667,3800000.0,1
2026-02-22,TV (Non-English),5,In the Mud,In the Mud: Season 2,20400000,5.6667,3600000.0,2
2026-02-22,TV (Non-English),6,Salvador,Salvador: Season 1,10000000,6.1,1600000.0,3
2026-02-22,TV (Non-English),7,Single's Inferno Reunion,Single's Inferno Reunion: Limited Series,5500000,3.6,1500000.0,2
2026-02-22,TV (Non-English),8,Motorvalley,Motorvalley: Season 1,7100000,4.65,1500000.0,2
2026-02-22,TV (Non-English),9,Kohrra,Kohrra: Season 2,6700000,4.9667,1300000.0,2
2026-02-22,TV (Non-English),10,Cash Queens,Cash Queens: Season 1,7100000,5.75,1200000.0,3
2026-03-01,TV (Non-English),1,The Art of Sarah,The Art of Sarah: Limited Series,25400000,5.9667,4300000.0,3
2026-03-01,TV (Non-English),2,BAKI-DOU: The Invincible Samurai,BAKI-DOU: The Invincible Samurai: Season 1,18500000,5.4833,3400000.0,1
2026-03-01,TV (Non-English),3,Unfamiliar,Unfamiliar: Season 1,10300000,5.2333,2000000.0,4
2026-03-01,TV (Non-English),4,The Museum of Innocence,The Museum of Innocence: Limited Series,11200000,7.6667,1500000.0,2
2026-03-01,TV (Non-English),5,In the Mud,In the Mud: Season 2,7800000,5.6667,1400000.0,3
2026-03-01,TV (Non-English),6,Lead Children,Lead Children: Limited Series,7400000,5.75,1300000.0,3
2026-03-01,TV (Non-English),7,Undercover Miss Hong,Undercover Miss Hong: Limited Series,16700000,16.85,1000000.0,4
2026-03-01,TV (Non-English),8,No Tail to Tell,No Tail to Tell: Limited Series,11200000,12.2833,900000.0,5
2026-03-01,TV (Non-English),9,Can This Love Be Translated?,Can This Love Be Translated?: Limited Series,11600000,13.1833,900000.0,5
2026-03-01,TV (Non-English),10,Salvador,Salvador: Season 1,4500000,6.1,700000.0,4
2026-03-08,TV (Non-English),1,The TikTok Killer,The TikTok Killer: Limited Series,6500000,1.5667,4100000.0,1
2026-03-08,TV (Non-English),2,"A Friend, a Murderer","A Friend, a Murderer: Limited Series",7500000,2.1333,3500000.0,1
2026-03-08,TV (Non-English),3,BAKI-DOU: The Invincible Samurai,BAKI-DOU: The Invincible Samurai: Season 1,17100000,5.4833,3100000.0,2
2026-03-08,TV (Non-English),4,Boyfriend on Demand,Boyfriend on Demand: Limited Series,25600000,9.9833,2600000.0,1
2026-03-08,TV (Non-English),5,Girl From Nowhere The Reset,Girl From Nowhere The Reset: Season 1,1500000,0.7167,2100000.0,1
2026-03-08,TV (Non-English),6,The Art of Sarah,The Art of Sarah: Limited Series,12400000,5.9667,2100000.0,4
2026-03-08,TV (Non-English),7,Still Shining,Still Shining: Limited Series,3300000,2.1833,1500000.0,1
2026-03-08,TV (Non-English),8,Unfamiliar,Unfamiliar: Season 1,6500000,5.2333,1200000.0,5
2026-03-08,TV (Non-English),9,Undercover Miss Hong,Undercover Miss Hong: Limited Series,18200000,19.2667,900000.0,5
2026-03-08,TV (Non-English),10,DOC,DOC: Season 1,14500000,15.5667,900000.0,1
2026-03-15,TV (Non-English),1,Boyfriend on Demand,Boyfriend on Demand: Limited Series,47800000,9.9833,4800000.0,2
2026-03-15,TV (Non-English),2,That Night,That Night: Limited Series,15600000,4.1167,3800000.0,1
2026-03-15,TV (Non-English),3,The TikTok Killer,The TikTok Killer: Limited Series,5900000,1.5667,3800000.0,2
2026-03-15,TV (Non-English),4,"A Friend, a Murderer","A Friend, a Murderer: Limited Series",7500000,2.1333,3500000.0,2
2026-03-15,TV (Non-English),5,Girl From Nowhere The Reset,Girl From Nowhere The Reset: Season 1,2900000,1.3833,2100000.0,2
2026-03-15,TV (Non-English),6,Pursuit of Jade,Pursuit of Jade: Season 1,34200000,17.55,1900000.0,1
2026-03-15,TV (Non-English),7,Phantom Lawyer,Phantom Lawyer: Season 1,4000000,2.2667,1800000.0,1
2026-03-15,TV (Non-English),8,Unfamiliar,Unfamiliar: Season 1,6600000,5.2333,1300000.0,6
2026-03-15,TV (Non-English),9,BAKI-DOU: The Invincible Samurai,BAKI-DOU: The Invincible Samurai: Season 1,6800000,5.4833,1200000.0,3
2026-03-15,TV (Non-English),10,Still Shining,Still Shining: Limited Series,5300000,4.3167,1200000.0,2
2026-03-22,TV (Non-English),1,BTS THE COMEBACK LIVE | ARIRANG,,14400000,1.1,13100000.0,1
2026-03-22,TV (Non-English),2,STEEL BALL RUN JoJo’s Bizarre Adventure,STEEL BALL RUN JoJo’s Bizarre Adventure: 1st STAGE,3700000,0.7833,4700000.0,1
2026-03-22,TV (Non-English),3,That Night,That Night: Limited Series,18100000,4.1167,4400000.0,2
2026-03-22,TV (Non-English),4,Radioactive Emergency,Radioactive Emergency: Season 1,19400000,5.1333,3800000.0,1
2026-03-22,TV (Non-English),5,Phantom Lawyer,Phantom Lawyer: Season 1,10700000,4.4167,2400000.0,2
2026-03-22,TV (Non-English),6,Boyfriend on Demand,Boyfriend on Demand: Limited Series,23600000,9.9833,2400000.0,3
2026-03-22,TV (Non-English),7,Furies,Furies: Season 2: : Resistance,8800000,4.6,1900000.0,1
2026-03-22,TV (Non-English),8,Pursuit of Jade,Pursuit of Jade: Season 1,43400000,24.4,1800000.0,2
2026-03-22,TV (Non-English),9,"A Friend, a Murderer","A Friend, a Murderer: Limited Series",2600000,2.1333,1200000.0,3
2026-03-22,TV (Non-English),10,Girl From Nowhere The Reset,Girl From Nowhere The Reset: Season 1,2400000,2.15,1100000.0,3
2026-03-29,TV (Non-English),1,Radioactive Emergency,Radioactive Emergency: Season 1,35900000,5.1333,7000000.0,2
2026-03-29,TV (Non-English),2,Detective Hole,Detective Hole: Season 1,36500000,7.4,4900000.0,1
2026-03-29,TV (Non-English),3,BTS THE COMEBACK LIVE | ARIRANG,,3800000,1.0333,3600000.0,2
2026-03-29,TV (Non-English),4,Phantom Lawyer,Phantom Lawyer: Season 1,13200000,6.5667,2000000.0,3
2026-03-29,TV (Non-English),5,Pursuit of Jade,Pursuit of Jade: Season 1,52100000,29.8667,1700000.0,3
2026-03-29,TV (Non-English),6,STEEL BALL RUN JoJo’s Bizarre Adventure,STEEL BALL RUN JoJo’s Bizarre Adventure: 1st STAGE,1300000,0.7833,1700000.0,2
2026-03-29,TV (Non-English),7,Furies,Furies: Season 2: : Resistance,7400000,4.6,1600000.0,2
2026-03-29,TV (Non-English),8,That Night,That Night: Limited Series,6400000,4.1167,1600000.0,3
2026-03-29,TV (Non-English),9,Boyfriend on Demand,Boyfriend on Demand: Limited Series,14600000,9.9833,1500000.0,4
2026-03-29,TV (Non-English),10,Ready or Not: Texas,Ready or Not: Texas: Season 1,3800000,3.55,1100000.0,1
2026-04-05,TV (Non-English),1,Detective Hole,Detective Hole: Season 1,51300000,7.4,6900000.0,2
2026-04-05,TV (Non-English),2,Bloodhounds,Bloodhounds: Season 2,35000000,6.9667,5000000.0,1
2026-04-05,TV (Non-English),3,Radioactive Emergency,Radioactive Emergency: Season 1,21200000,5.1333,4100000.0,3
2026-04-05,TV (Non-English),4,Phantom Lawyer,Phantom Lawyer: Season 1,15600000,8.7,1800000.0,4
2026-04-05,TV (Non-English),5,Pursuit of Jade,Pursuit of Jade: Season 1,48100000,30.7833,1600000.0,4
2026-04-05,TV (Non-English),6,Agent from Above,Agent from Above: Season 1,8100000,5.7333,1400000.0,1
2026-04-05,TV (Non-English),7,Sins of Kujo,Sins of Kujo: Season 1,9900000,7.4667,1300000.0,1
2026-04-05,TV (Non-English),8,Bloodhounds,Bloodhounds: Season 1,9900000,8.1333,1200000.0,6
2026-04-05,TV (Non-English),9,Toriko X One Piece Collaboration Special,Toriko X One Piece Collaboration Special: Season 1,2600000,2.3333,1100000.0,1
2026-04-05,TV (Non-English),10,BTS THE COMEBACK LIVE | ARIRANG,,1100000,1.0333,1100000.0,3
2026-04-12,TV (Non-English),1,Bloodhounds,Bloodhounds: Season 2,51400000,6.9667,7400000.0,2
2026-04-12,TV (Non-English),2,Detective Hole,Detective Hole: Season 1,22200000,7.4,3000000.0,3
2026-04-12,TV (Non-English),3,Bloodhounds,Bloodhounds: Season 1,24000000,8.1333,3000000.0,7
2026-04-12,TV (Non-English),4,Sins of Kujo,Sins of Kujo: Season 1,16400000,7.4667,2200000.0,2
2026-04-12,TV (Non-English),5,Gangs of Galicia,Gangs of Galicia: Season 2,9900000,4.7167,2100000.0,1
2026-04-12,TV (Non-English),6,Bandi,Bandi: Season 1,16200000,7.8,2100000.0,1
2026-04-12,TV (Non-English),7,Radioactive Emergency,Radioactive Emergency: Season 1,10500000,5.1333,2000000.0,4
2026-04-12,TV (Non-English),8,High Tides,High Tides: Season 3,6300000,3.8667,1600000.0,1
2026-04-12,TV (Non-English),9,Maamla Legal Hai,Maamla Legal Hai: Season 2,7900000,4.8833,1600000.0,1
2026-04-12,TV (Non-English),10,Phantom Lawyer,Phantom Lawyer: Season 1,16600000,10.8833,1500000.0,5
2026-04-19,TV (Non-English),1,Bandi,Bandi: Season 1,40500000,7.8,5200000.0,2
2026-04-19,TV (Non-English),2,Ronaldinho: The One and Only,Ronaldinho: The One and Only: Limited Series,13000000,2.7833,4700000.0,1
2026-04-19,TV (Non-English),3,Bloodhounds,Bloodhounds: Season 2,25600000,6.9667,3700000.0,3
2026-04-19,TV (Non-English),4,Fake Profile,Fake Profile: Season 3,18600000,6.5333,2800000.0,1
2026-04-19,TV (Non-English),5,Someone Has to Know,Someone Has to Know: Limited Series,12800000,5.0167,2600000.0,1
2026-04-19,TV (Non-English),6,Made with Love,Made with Love: Season 1,11100000,4.65,2400000.0,1
2026-04-19,TV (Non-English),7,Bloodhounds,Bloodhounds: Season 1,16600000,8.1333,2000000.0,8
2026-04-19,TV (Non-English),8,The Law According to Lidia Poët,The Law According to Lidia Poët: Season 3,10300000,5.15,2000000.0,1
2026-04-19,TV (Non-English),9,Alpha Males,Alpha Males: Season 5,5900000,3.4667,1700000.0,1
2026-04-19,TV (Non-English),10,Detective Hole,Detective Hole: Season 1,12100000,7.4,1600000.0,4
2026-04-26,TV (Non-English),1,Sold Out on You,Sold Out on You: Limited Series,10300000,2.1833,4700000.0,1
2026-04-26,TV (Non-English),2,Ronaldinho: The One and Only,Ronaldinho: The One and Only: Limited Series,11500000,2.7833,4100000.0,2
2026-04-26,TV (Non-English),3,Fake Profile,Fake Profile: Season 3,19800000,6.5333,3000000.0,2
2026-04-26,TV (Non-English),4,If Wishes Could Kill,If Wishes Could Kill: Limited Series,16900000,5.9833,2800000.0,1
2026-04-26,TV (Non-English),5,Alpha Males,Alpha Males: Season 5,9000000,3.4667,2600000.0,2
2026-04-26,TV (Non-English),6,Bloodhounds,Bloodhounds: Season 2,15400000,6.9667,2200000.0,4
2026-04-26,TV (Non-English),7,Flunked,Flunked: Season 1,8300000,4.1333,2000000.0,1
2026-04-26,TV (Non-English),8,Bandi,Bandi: Season 1,14700000,7.8,1900000.0,3
2026-04-26,TV (Non-English),9,The Law According to Lidia Poët,The Law According to Lidia Poët: Season 3,9500000,5.15,1800000.0,2
2026-04-26,TV (Non-English),10,Made with Love,Made with Love: Season 1,8500000,4.65,1800000.0,2
2026-05-03,TV (Non-English),1,If Wishes Could Kill,If Wishes Could Kill: Limited Series,44800000,5.9833,7500000.0,2
2026-05-03,TV (Non-English),2,Flunked,Flunked: Season 1,16500000,4.1333,4000000.0,2
2026-05-03,TV (Non-English),3,Sold Out on You,Sold Out on You: Limited Series,16300000,4.4,3700000.0,2
2026-05-03,TV (Non-English),4,Straight to Hell,Straight to Hell: Season 1,27500000,8.3667,3300000.0,1
2026-05-03,TV (Non-English),5,Envious,Envious: Season 4,13100000,4.3833,3000000.0,1
2026-05-03,TV (Non-English),6,Santita,Santita: Season 1,8500000,4.55,1900000.0,1
2026-05-03,TV (Non-English),7,Fake Profile,Fake Profile: Season 3,11300000,6.5333,1700000.0,3
2026-05-03,TV (Non-English),8,Ronaldinho: The One and Only,Ronaldinho: The One and Only: Limited Series,4200000,2.7833,1500000.0,3
2026-05-03,TV (Non-English),9,Bloodhounds,Bloodhounds: Season 2,10400000,6.9667,1500000.0,5
2026-05-03,TV (Non-English),10,Alpha Males,Alpha Males: Season 5,4100000,3.4667,1200000.0,3
2026-05-10,TV (Non-English),1,My Royal Nemesis,My Royal Nemesis: Limited Series,9300000,2.3833,3900000.0,1
2026-05-10,TV (Non-English),2,If Wishes Could Kill,If Wishes Could Kill: Limited Series,21500000,5.9833,3600000.0,3
2026-05-10,TV (Non-English),3,Sold Out on You,Sold Out on You: Limited Series,20400000,6.6167,3100000.0,3
2026-05-10,TV (Non-English),4,Straight to Hell,Straight to Hell: Season 1,21900000,8.3667,2600000.0,2
2026-05-10,TV (Non-English),5,The Chestnut Man,The Chestnut Man: Hide and Seek,12500000,4.8667,2600000.0,1
2026-05-10,TV (Non-English),6,Glory,Glory: Season 1,12000000,6.2333,1900000.0,1
2026-05-10,TV (Non-English),7,Envious,Envious: Season 4,7900000,4.3833,1800000.0,2
2026-05-10,TV (Non-English),8,"Thank You, Next","Thank You, Next: Season 3",7900000,4.95,1600000.0,1
2026-05-10,TV (Non-English),9,Flunked,Flunked: Season 1,6400000,4.1333,1500000.0,3
2026-05-10,TV (Non-English),10,The Chestnut Man,,8500000,5.55,1500000.0,6
2026-05-17,TV (Non-English),1,Berlin and the Lady with an Ermine,Berlin and the Lady with an Ermine: Limited Series,46100000,7.4,6200000.0,1
2026-05-17,TV (Non-English),2,My Royal Nemesis,My Royal Nemesis: Limited Series,24200000,4.7,5100000.0,2
2026-05-17,TV (Non-English),3,Between Father and Son,Between Father and Son: Season 1,14200000,2.8333,5000000.0,1
2026-05-17,TV (Non-English),4,The Chestnut Man,The Chestnut Man: Hide and Seek,16700000,4.8667,3400000.0,2
2026-05-17,TV (Non-English),5,Sold Out on You,Sold Out on You: Limited Series,24500000,8.8667,2800000.0,4
2026-05-17,TV (Non-English),6,The WONDERfools,The WONDERfools: Limited Series,25300000,9.4333,2700000.0,1
2026-05-17,TV (Non-English),7,"Thank You, Next","Thank You, Next: Season 3",10500000,4.95,2100000.0,2
2026-05-17,TV (Non-English),8,The Chestnut Man,,11400000,5.55,2100000.0,7
2026-05-17,TV (Non-English),9,If Wishes Could Kill,If Wishes Could Kill: Limited Series,10900000,5.9833,1800000.0,4
2026-05-17,TV (Non-English),10,Straight to Hell,Straight to Hell: Season 1,10700000,8.3667,1300000.0,3
2026-05-24,TV (Non-English),1,Berlin and the Lady with an Ermine,Berlin and the Lady with an Ermine: Limited Series,76300000,7.4,10300000.0,2
2026-05-24,TV (Non-English),2,The WONDERfools,The WONDERfools: Limited Series,74800000,9.4333,7900000.0,2
2026-05-24,TV (Non-English),3,My Royal Nemesis,My Royal Nemesis: Limited Series,28400000,6.9333,4100000.0,3
2026-05-24,TV (Non-English),4,Sold Out on You,Sold Out on You: Limited Series,24900000,11.1,2200000.0,5
2026-05-24,TV (Non-English),5,Between Father and Son,Between Father and Son: Season 1,6100000,2.8333,2200000.0,2
2026-05-24,TV (Non-English),6,Desi Bling,Desi Bling: Season 1,10400000,5.05,2100000.0,1
2026-05-24,TV (Non-English),7,The Chestnut Man,The Chestnut Man: Hide and Seek,8000000,4.8667,1600000.0,3
2026-05-24,TV (Non-English),8,Berlin and the Jewels of Paris,Berlin and the Jewels of Paris: Limited Series,8800000,6.5667,1300000.0,8
2026-05-24,TV (Non-English),9,James.,James.: Limited Series,2700000,2.55,1100000.0,1
2026-05-24,TV (Non-English),10,If Wishes Could Kill,If Wishes Could Kill: Limited Series,6100000,5.9833,1000000.0,5
2026-05-31,TV (Non-English),1,Berlin and the Lady with an Ermine,Berlin and the Lady with an Ermine: Limited Series,34600000,7.4,4700000.0,3
2026-05-31,TV (Non-English),2,The WONDERfools,The WONDERfools: Limited Series,38100000,9.4333,4000000.0,3
2026-05-31,TV (Non-English),3,My Royal Nemesis,My Royal Nemesis: Limited Series,35100000,9.1667,3800000.0,4
2026-05-31,TV (Non-English),4,Sold Out on You,Sold Out on You: Limited Series,28500000,13.3167,2100000.0,6
2026-05-31,TV (Non-English),5,Jae-seok's B&B Rules!,Jae-seok's B&B Rules!: Season 1,9600000,5.3333,1800000.0,1
2026-05-31,TV (Non-English),6,Desi Bling,Desi Bling: Season 1,8500000,5.05,1700000.0,2
2026-05-31,TV (Non-English),7,Rafa,Rafa: Limited Series,5100000,3.8,1300000.0,1
2026-05-31,TV (Non-English),8,Futuro desierto,Futuro desierto: Season 1,6200000,5.1833,1200000.0,1
2026-05-31,TV (Non-English),9,The Chestnut Man,The Chestnut Man: Hide and Seek,5500000,4.8667,1100000.0,4
2026-05-31,TV (Non-English),10,Murder Mindfully,Murder Mindfully: Season 2,4700000,4.4833,1000000.0,1
2026-06-07,TV (Non-English),1,Teach You a Lesson,Teach You a Lesson: Limited Series,68700000,10.6833,6400000.0,1
2026-06-07,TV (Non-English),2,My Royal Nemesis,My Royal Nemesis: Limited Series,37300000,11.3667,3300000.0,5
2026-06-07,TV (Non-English),3,Berlin and the Lady with an Ermine,Berlin and the Lady with an Ermine: Limited Series,21300000,7.4,2900000.0,4
2026-06-07,TV (Non-English),4,The WONDERfools,The WONDERfools: Limited Series,20400000,9.4333,2200000.0,4
2026-06-07,TV (Non-English),5,Rafa,Rafa: Limited Series,8100000,3.8,2100000.0,2
2026-06-07,TV (Non-English),6,Murder Mindfully,Murder Mindfully: Season 2,7400000,4.4833,1700000.0,2
2026-06-07,TV (Non-English),7,Ashes to Crown,Ashes to Crown: Season 1,11500000,0.0,1400000.0,1
2026-06-07,TV (Non-English),8,Brazil '70: The Third Star,Brazil '70: The Third Star: Season 1,7200000,5.4667,1300000.0,1
2026-06-07,TV (Non-English),9,Sold Out on You,Sold Out on You: Limited Series,16700000,13.3167,1300000.0,7
2026-06-07,TV (Non-English),10,Jae-seok's B&B Rules!,Jae-seok's B&B Rules!: Season 1,13200000,10.85,1200000.0,2
2026-06-14,TV (Non-English),1,Teach You a Lesson,Teach You a Lesson: Limited Series,225800000,10.6833,21100000.0,2
2026-06-14,TV (Non-English),2,My Royal Nemesis,My Royal Nemesis: Limited Series,37300000,13.65,2700000.0,6
2026-06-14,TV (Non-English),3,Rosario Tijeras (Mexico),Rosario Tijeras (Mexico): Season 5,71300000,28.8167,2500000.0,1
2026-06-14,TV (Non-English),4,The Polygamist,The Polygamist: Season 1,19100000,9.65,2000000.0,1
2026-06-14,TV (Non-English),5,The Evil Lawyer,The Evil Lawyer: Season 1,11500000,6.85,1700000.0,1
2026-06-14,TV (Non-English),6,Berlin and the Lady with an Ermine,Berlin and the Lady with an Ermine: Limited Series,12400000,7.4,1700000.0,5
2026-06-14,TV (Non-English),7,Viral Hit,Viral Hit: Season 1,8300000,5.0,1700000.0,1
2026-06-14,TV (Non-English),8,The WONDERfools,The WONDERfools: Limited Series,12200000,9.4333,1300000.0,5
2026-06-14,TV (Non-English),9,Rafa,Rafa: Limited Series,3700000,3.8,1000000.0,3
2026-06-14,TV (Non-English),10,Losing Judgment,Losing Judgment: Season 1,7700000,8.7667,900000.0,1
2026-06-21,TV (Non-English),1,Teach You a Lesson,Teach You a Lesson: Limited Series,126200000,10.6833,11800000.0,3
2026-06-21,TV (Non-English),2,The Polygamist,The Polygamist: Season 1,74300000,9.65,7700000.0,2
2026-06-21,TV (Non-English),3,Viral Hit,Viral Hit: Season 1,13800000,5.0,2800000.0,2
2026-06-21,TV (Non-English),4,The Evil Lawyer,The Evil Lawyer: Season 1,18600000,6.85,2700000.0,2
2026-06-21,TV (Non-English),5,Losing Judgment,Losing Judgment: Season 1,23500000,8.7667,2700000.0,2
2026-06-21,TV (Non-English),6,My Royal Nemesis,My Royal Nemesis: Limited Series,42900000,16.15,2700000.0,7
2026-06-21,TV (Non-English),7,India’s Got Latent,India’s Got Latent: Season 2,2200000,1.0167,2200000.0,1
2026-06-21,TV (Non-English),8,Oasis,Oasis: Season 1,12200000,5.7333,2100000.0,1
2026-06-21,TV (Non-English),9,Rosario Tijeras (Mexico),Rosario Tijeras (Mexico): Season 5,61300000,30.3333,2000000.0,2
2026-06-21,TV (Non-English),10,Juvenile Justice,Juvenile Justice: Season 1,12000000,10.25,1200000.0,8
2026-06-28,TV (Non-English),1,Teach You a Lesson,Teach You a Lesson: Limited Series,78200000,10.6833,7300000.0,4
2026-06-28,TV (Non-English),2,Oasis,Oasis: Season 1,40000000,5.7333,7000000.0,2
2026-06-28,TV (Non-English),3,Agent Kim Reactivated,Agent Kim Reactivated: Limited Series,14200000,2.15,6600000.0,1
2026-06-28,TV (Non-English),4,The Polygamist,The Polygamist: Season 1,51600000,9.65,5300000.0,3
2026-06-28,TV (Non-English),5,Another Self,Another Self: Season 3,14900000,6.2167,2400000.0,1
2026-06-28,TV (Non-English),6,India’s Got Latent,India’s Got Latent: Season 2,2400000,1.0167,2400000.0,2
2026-06-28,TV (Non-English),7,My Royal Nemesis,My Royal Nemesis: Limited Series,33000000,16.15,2000000.0,8
2026-06-28,TV (Non-English),8,Notes from the Last Row,Notes from the Last Row: Limited Series,10400000,6.35,1600000.0,1
2026-06-28,TV (Non-English),9,Losing Judgment,Losing Judgment: Season 1,12700000,8.7667,1400000.0,3
2026-06-28,TV (Non-English),10,BAKI-DOU: The Invincible Samurai,BAKI-DOU: The Invincible Samurai: Season 1,13400000,10.5667,1300000.0,4
2026-07-05,TV (Non-English),1,Agent Kim Reactivated,Agent Kim Reactivated: Limited Series,44100000,4.2167,10500000.0,2
2026-07-05,TV (Non-English),2,Teach You a Lesson,Teach You a Lesson: Limited Series,49900000,10.6833,4700000.0,5
2026-07-05,TV (Non-English),3,The Polygamist,The Polygamist: Season 1,43800000,9.65,4500000.0,4
2026-07-05,TV (Non-English),4,Oasis,Oasis: Season 1,16900000,5.7333,2900000.0,3
2026-07-05,TV (Non-English),5,Notes from the Last Row,Notes from the Last Row: Limited Series,16300000,6.35,2600000.0,2
2026-07-05,TV (Non-English),6,Another Self,Another Self: Season 3,14300000,6.2167,2300000.0,2
2026-07-05,TV (Non-English),7,Human Vapor,Human Vapor: Season 1,14300000,7.2167,2000000.0,1
2026-07-05,TV (Non-English),8,Lock Upp,Lock Upp: Season 1,13800000,7.1833,1900000.0,1
2026-07-05,TV (Non-English),9,India’s Got Latent,India’s Got Latent: Season 2,3000000,2.0333,1500000.0,3
2026-07-05,TV (Non-English),10,Summer ’36,Summer ’36: Limited Series,6800000,5.0667,1300000.0,1
2026-07-12,TV (Non-English),1,Agent Kim Reactivated,Agent Kim Reactivated: Limited Series,59100000,6.4833,9100000.0,3
2026-07-12,TV (Non-English),2,Teach You a Lesson,Teach You a Lesson: Limited Series,38700000,10.6833,3600000.0,6
2026-07-12,TV (Non-English),3,The Polygamist,The Polygamist: Season 1,34400000,9.65,3600000.0,5
2026-07-12,TV (Non-English),4,Human Vapor,Human Vapor: Season 1,24300000,7.2167,3400000.0,2
2026-07-12,TV (Non-English),5,I'm Not Afraid,I'm Not Afraid: Limited Series,14000000,4.4833,3100000.0,1
2026-07-12,TV (Non-English),6,Summer ’36,Summer ’36: Limited Series,11000000,5.0667,2200000.0,2
2026-07-12,TV (Non-English),7,Oasis,Oasis: Season 1,9900000,5.7333,1700000.0,4
2026-07-12,TV (Non-English),8,Better Late Than Single,Better Late Than Single: Season 2,8400000,5.4667,1500000.0,1
2026-07-12,TV (Non-English),9,Lock Upp,Lock Upp: Season 1,20400000,0.0,1500000.0,2
2026-07-12,TV (Non-English),10,The Apartment Job,The Apartment Job: Limited Series,1900000,0.0,1400000.0,1
2026-07-19,TV (Non-English),1,Agent Kim Reactivated,Agent Kim Reactivated: Limited Series,72000000,8.7333,8200000.0,4
2026-07-19,TV (Non-English),2,The East Palace,The East Palace: Limited Series,32900000,6.7833,4900000.0,1
2026-07-19,TV (Non-English),3,I'm Not Afraid,I'm Not Afraid: Limited Series,18100000,4.4833,4000000.0,2
2026-07-19,TV (Non-English),4,José Totoy 3,,2700000,0.75,3600000.0,2
2026-07-19,TV (Non-English),5,The Apartment Job,The Apartment Job: Limited Series,11100000,0.0,3300000.0,2
2026-07-19,TV (Non-English),6,Teach You a Lesson,Teach You a Lesson: Limited Series,31400000,10.6833,2900000.0,7
2026-07-19,TV (Non-English),7,The Polygamist,The Polygamist: Season 1,25600000,9.65,2700000.0,6
2026-07-19,TV (Non-English),8,Spooky in Love,Spooky in Love: Limited Series,3500000,2.0667,1700000.0,1
2026-07-19,TV (Non-English),9,Human Vapor,Human Vapor: Season 1,11900000,7.2167,1600000.0,3
2026-07-19,TV (Non-English),10,The Map of Longing,The Map of Longing: Limited Series,6700000,4.5833,1500000.0,1
2026-07-26,TV (Non-English),1,Elite Force,Elite Force: Season 1,49600000,4.9333,10100000.0,1
2026-07-26,TV (Non-English),2,The East Palace,The East Palace: Limited Series,55200000,6.7833,8100000.0,2
2026-07-26,TV (Non-English),3,Agent Kim Reactivated,Agent Kim Reactivated: Limited Series,80300000,10.9667,7300000.0,5
2026-07-26,TV (Non-English),4,My Daughter's Father,My Daughter's Father: Season 1,38200000,7.2833,5200000.0,1
2026-07-26,TV (Non-English),5,Spooky in Love,Spooky in Love: Limited Series,17000000,4.0667,4200000.0,2
2026-07-26,TV (Non-English),6,The Map of Longing,The Map of Longing: Limited Series,14900000,4.5833,3300000.0,2
2026-07-26,TV (Non-English),7,Teach You a Lesson,Teach You a Lesson: Limited Series,24300000,10.6833,2300000.0,8
2026-07-26,TV (Non-English),8,The Apartment Job,The Apartment Job: Limited Series,11100000,0.0,2000000.0,3
2026-07-26,TV (Non-English),9,The Polygamist,The Polygamist: Season 1,17800000,9.65,1800000.0,7
2026-07-26,TV (Non-English),10,Jujutsu Kaisen,Jujutsu Kaisen: Season 3,7400000,4.9167,1500000.0,6
2026-08-02,TV (Non-English),1,Elite Force,Elite Force: Season 1,34200000,4.9333,6900000.0,2
2026-08-02,TV (Non-English),2,My Daughter's Father,My Daughter's Father: Season 1,49700000,7.2833,6800000.0,2
2026-08-02,TV (Non-English),3,Agent Kim Reactivated,Agent Kim Reactivated: Limited Series,55100000,10.9667,5000000.0,6
2026-08-02,TV (Non-English),4,Musafir Cafe,Musafir Cafe: Season 1,15600000,4.1667,3700000.0,1
2026-08-02,TV (Non-English),5,Spooky in Love,Spooky in Love: Limited Series,22300000,6.1667,3600000.0,3
2026-08-02,TV (Non-English),6,The East Palace,The East Palace: Limited Series,20500000,6.7833,3000000.0,3
2026-08-02,TV (Non-English),7,Wrath,Wrath: Season 1,10800000,5.0167,2200000.0,1
2026-08-02,TV (Non-English),8,Teach You a Lesson,Teach You a Lesson: Limited Series,18800000,10.6833,1800000.0,9
2026-08-02,TV (Non-English),9,The Apartment Job,The Apartment Job: Limited Series,12700000,0.0,1700000.0,4
2026-08-02,TV (Non-English),10,Elize Matsunaga: Once Upon a Crime,Elize Matsunaga: Once Upon a Crime: Season 1,5100000,3.3333,1500000.0,3
2026-08-09,TV (Non-English),1,My Daughter's Father,My Daughter's Father: Season 1,26800000,7.2833,3700000.0,3
2026-08-09,TV (Non-English),2,Wrath,Wrath: Season 1,17500000,5.0167,3500000.0,2
2026-08-09,TV (Non-English),3,Spooky in Love,Spooky in Love: Limited Series,27400000,8.3167,3300000.0,4
2026-08-09,TV (Non-English),4,Badly in Love,Badly in Love: Season 2,11400000,3.4667,3300000.0,1
2026-08-09,TV (Non-English),5,Our Sticky Love,Our Sticky Love: Limited Series,37900000,11.7333,3200000.0,1
2026-08-09,TV (Non-English),6,Elite Force,Elite Force: Season 1,12400000,4.9333,2500000.0,3
2026-08-09,TV (Non-English),7,Agent Kim Reactivated,Agent Kim Reactivated: Limited Series,25400000,10.9667,2300000.0,7
2026-08-09,TV (Non-English),8,Operation Safed Sagar: The Highest Air Force Mission,Operation Safed Sagar: The Highest Air Force Mission: Season 1,12300000,5.5333,2200000.0,1
2026-08-09,TV (Non-English),9,Musafir Cafe,Musafir Cafe: Season 1,7200000,4.1667,1700000.0,2
2026-08-09,TV (Non-English),10,The East Palace,The East Palace: Limited Series,10400000,6.7833,1500000.0,4
2026-08-16,TV (Non-English),1,Our Sticky Love,Our Sticky Love: Limited Series,88000000,11.7333,7500000.0,2
2026-08-16,TV (Non-English),2,Operation Safed Sagar: The Highest Air Force Mission,Operation Safed Sagar: The Highest Air Force Mission: Season 1,26700000,5.5333,4800000.0,2
2026-08-16,TV (Non-English),3,Spooky in Love,Spooky in Love: Limited Series,28300000,10.4333,2700000.0,5
2026-08-16,TV (Non-English),4,Badly in Love,Badly in Love: Season 2,15600000,5.9,2600000.0,2
2026-08-16,TV (Non-English),5,My Daughter's Father,My Daughter's Father: Season 1,15200000,7.2833,2100000.0,4
2026-08-16,TV (Non-English),6,Umthetho,Umthetho: Season 1,8900000,5.35,1700000.0,1
2026-08-16,TV (Non-English),7,Moria,Moria: Season 1,8000000,4.8833,1600000.0,1
2026-08-16,TV (Non-English),8,Elite Force,Elite Force: Season 1,6800000,4.9333,1400000.0,4
2026-08-16,TV (Non-English),9,Agent Kim Reactivated,Agent Kim Reactivated: Limited Series,15000000,10.9667,1400000.0,8
2026-08-16,TV (Non-English),10,Wrath,Wrath: Season 1,6400000,5.0167,1300000.0,3
2026-08-23,TV (Non-English),1,Blood Sacrifice,Blood Sacrifice: Season 1,29300000,4.1833,7000000.0,1
2026-08-23,TV (Non-English),2,Our Sticky Love,Our Sticky Love: Limited Series,43300000,11.7333,3700000.0,3
2026-08-23,TV (Non-English),3,Umthetho,Umthetho: Season 1,18500000,5.35,3500000.0,2
2026-08-23,TV (Non-English),4,Spooky in Love,Spooky in Love: Limited Series,33900000,12.6167,2700000.0,6
2026-08-23,TV (Non-English),5,Moria,Moria: Season 1,10900000,4.8833,2200000.0,2
2026-08-23,TV (Non-English),6,Operation Safed Sagar: The Highest Air Force Mission,Operation Safed Sagar: The Highest Air Force Mission: Season 1,10800000,5.5333,2000000.0,3
2026-08-23,TV (Non-English),7,Badly in Love,Badly in Love: Season 2,15700000,8.2167,1900000.0,3
2026-08-23,TV (Non-English),8,My Daughter's Father,My Daughter's Father: Season 1,9700000,7.2833,1300000.0,5
2026-08-23,TV (Non-English),9,The Apartment Job,The Apartment Job: Limited Series,14400000,12.85,1100000.0,5
2026-08-23,TV (Non-English),10,Teach You a Lesson,Teach You a Lesson: Limited Series,11900000,10.6833,1100000.0,10
2026-08-30,TV (Non-English),1,Blood Sacrifice,Blood Sacrifice: Season 1,37900000,4.1833,9100000.0,2
2026-08-30,TV (Non-English),2,The Early Spring,The Early Spring: Season 1,21500000,0.0,2400000.0,1
2026-08-30,TV (Non-English),3,Spooky in Love,Spooky in Love: Limited Series,28400000,12.6167,2300000.0,7
2026-08-30,TV (Non-English),4,Our Sticky Love,Our Sticky Love: Limited Series,25800000,11.7333,2200000.0,4
2026-08-30,TV (Non-English),5,Mousetrap,Mousetrap: Limited Series,19200000,9.5167,2000000.0,1
2026-08-30,TV (Non-English),6,Badly in Love,Badly in Love: Season 2,14200000,10.55,1300000.0,4
2026-08-30,TV (Non-English),7,Rhythm + Flow France,Rhythm + Flow France: Season 5,3900000,2.9333,1300000.0,1
2026-08-30,TV (Non-English),8,Operation Safed Sagar: The Highest Air Force Mission,Operation Safed Sagar: The Highest Air Force Mission: Season 1,5500000,5.5333,1000000.0,4
2026-08-30,TV (Non-English),9,My Daughter's Father,My Daughter's Father: Season 1,7200000,7.2833,1000000.0,6
2026-08-30,TV (Non-English),10,S&X,S&X: Season 1,5000000,5.2833,900000.0,1
2026-09-06,TV (Non-English),1,Mousetrap,Mousetrap: Limited Series,41500000,9.5167,4400000.0,2
2026-09-06,TV (Non-English),2,The Early Spring,The Early Spring: Season 1,45700000,0.0,3200000.0,2
2026-09-06,TV (Non-English),3,Blood Sacrifice,Blood Sacrifice: Season 1,12000000,4.1833,2900000.0,3
2026-09-06,TV (Non-English),4,Lovesick,Lovesick: Season 1,16400000,7.1167,2300000.0,1
2026-09-06,TV (Non-English),5,"Four Hands, Two Sonatas","Four Hands, Two Sonatas: Limited Series",8200000,4.1833,2000000.0,1
2026-09-06,TV (Non-English),6,All the Truth in My Lies,All the Truth in My Lies: Limited Series,5800000,3.15,1800000.0,1
2026-09-06,TV (Non-English),7,Our Sticky Love,Our Sticky Love: Limited Series,17100000,11.7333,1500000.0,5
2026-09-06,TV (Non-English),8,Badly in Love,Badly in Love: Season 2,16400000,12.8,1300000.0,5
2026-09-06,TV (Non-English),9,Graveyard,Graveyard: Season 3,7400000,6.4833,1100000.0,1
2026-09-06,TV (Non-English),10,Spooky in Love,Spooky in Love: Limited Series,13200000,12.6167,1000000.0,8
2026-09-13,TV (Non-English),1,The Perfect Lie,The Perfect Lie: Season 1,25200000,6.1,4100000.0,1
2026-09-13,TV (Non-English),2,The Early Spring,The Early Spring: Season 1,48100000,19.1667,2500000.0,3
2026-09-13,TV (Non-English),3,Lovesick,Lovesick: Season 1,17400000,7.1167,2400000.0,2
2026-09-13,TV (Non-English),4,Fauda,Fauda: Season 5,15900000,7.45,2100000.0,1
2026-09-13,TV (Non-English),5,Physical 100: Italy,Physical 100: Italy: Season 1,5900000,2.9667,2000000.0,1
2026-09-13,TV (Non-English),6,Mousetrap,Mousetrap: Limited Series,17500000,9.5167,1800000.0,3
2026-09-13,TV (Non-English),7,"Four Hands, Two Sonatas","Four Hands, Two Sonatas: Limited Series",9500000,6.2,1500000.0,2
2026-09-13,TV (Non-English),8,Stolen Heartbeats,Stolen Heartbeats: Season 1,3400000,2.2667,1500000.0,1
2026-09-13,TV (Non-English),9,Blood Sacrifice,Blood Sacrifice: Season 1,6100000,4.1833,1500000.0,4
2026-09-13,TV (Non-English),10,Badly in Love,Badly in Love: Season 2,23900000,16.9333,1400000.0,6
2026-09-20,TV (Non-English),1,The Perfect Lie,The Perfect Lie: Season 1,42700000,6.1,7000000.0,2
2026-09-20,TV (Non-English),2,Not a Stranger,Not a Stranger: Season 1,31100000,6.7833,4600000.0,1
2026-09-20,TV (Non-English),3,The Doll,The Doll: Limited Series,16900000,6.7,2500000.0,1
2026-09-20,TV (Non-English),4,Physical 100: Mexico,Physical 100: Mexico: Season 1,15300000,6.1167,2500000.0,1
2026-09-20,TV (Non-English),5,Plastic Beauty,Plastic Beauty: Season 1,20800000,9.1667,2300000.0,1
2026-09-20,TV (Non-English),6,Physical 100: Italy,Physical 100: Italy: Season 1,9900000,4.6667,2100000.0,2
2026-09-20,TV (Non-English),7,The Scandal,The Scandal: Limited Series,14500000,7.7667,1900000.0,1
2026-09-20,TV (Non-English),8,The Early Spring,The Early Spring: Season 1,30300000,19.1667,1600000.0,4
2026-09-20,TV (Non-English),9,Fauda,Fauda: Season 5,11600000,7.45,1600000.0,2
2026-09-20,TV (Non-English),10,"Four Hands, Two Sonatas","Four Hands, Two Sonatas: Limited Series",11800000,8.2333,1400000.0,3
2026-09-27,TV (Non-English),1,Not a Stranger,Not a Stranger: Season 1,65700000,6.7833,9700000.0,2
2026-09-27,TV (Non-English),2,Plastic Beauty,Plastic Beauty: Season 1,46500000,9.1667,5100000.0,2
2026-09-27,TV (Non-English),3,The Scandal,The Scandal: Limited Series,21900000,7.7667,2800000.0,2
2026-09-27,TV (Non-English),4,Shaque: Trust No One,Shaque: Trust No One: Season 1,11800000,4.45,2700000.0,1
2026-09-27,TV (Non-English),5,The Final Problem,The Final Problem: Limited Series,7900000,3.05,2600000.0,1
2026-09-27,TV (Non-English),6,The Perfect Lie,The Perfect Lie: Season 1,15400000,6.1,2500000.0,3
2026-09-27,TV (Non-English),7,The Doll,The Doll: Limited Series,16300000,6.7,2400000.0,2
2026-09-27,TV (Non-English),8,Minerva Academy,Minerva Academy: Season 1,16900000,6.9833,2400000.0,1
2026-09-27,TV (Non-English),9,Physical 100: Mexico,Physical 100: Mexico: Season 1,16900000,7.7667,2200000.0,2
2026-09-27,TV (Non-English),10,Habeas Corpus,Habeas Corpus: Season 1,13700000,8.5833,1600000.0,1
